Identifier,Name,Type,WTO ID,Date signed,Date into force,Composition,Region,All WTO,Cross Regional,Language,Party 1,Party 2,Total articles,Total words,Number of unique words,Niceness,Class 0,Class 1,Class 2,year,iso3num_o,iso3num_d,contig,dist,comlang_off,comlang_ethno,comcol,comrelig,comleg_pretrans,comleg_posttrans,col_dep_ever,empire,sibling_ever,gdp_ppp_d,gdpcap_ppp_o,entry_cost_o,entry_cost_d,entry_tp_o,entry_tp_d,tradeflow_baci,manuf_tradeflow_baci
1,Japan - Thailand,Free Trade Agreement & Economic Integration Agreement,1,2007,2007-11-01,Bilateral,East Asia,Yes,No,en,JPN,THA,175,187922,3635,0,0.72,0.09714285714285714,0.18285714285714288,2007,392.0,764.0,0.0,4612.997,0.0,0.0,0.0,0.0,0.0,0.0,0.0,,0.0,786274106.4530001,34.529,7.5,16.2,31.0,43.0,25951781.938,25747708.0
2,Egypt - Turkey,Free Trade Agreement,2,2005,2007-03-01,Bilateral,Africa; Europe,Yes,Yes,en,EGY,TUR,40,25708,1057,0,0.725,0.0,0.275,2005,818.0,792.0,0.0,1239.919,0.0,0.0,0.0,0.8109999999999999,1.0,1.0,0.0,,0.0,807227201.653,7.124,104.9,27.4,32.5,14.0,253521.344,182168.172
3,Chile - Japan,Free Trade Agreement & Economic Integration Agreement,3,2007,2007-09-03,Bilateral,South America; East Asia,Yes,Yes,en,CHL,JPN,201,202122,4989,0,0.6318407960199005,0.17412935323383086,0.19402985074626866,2007,152.0,392.0,0.0,17247.377,0.0,0.0,0.0,0.005,0.0,0.0,0.0,,0.0,4419763599.828,16.863,8.6,7.5,49.0,31.0,7628065.375,2045390.375
7,Chile - China,Free Trade Agreement & Economic Integration Agreement,8,2005,2006-10-01,Bilateral,South America; East Asia,Yes,Yes,en,CHL,CHN,123,116215,3229,0,0.7235772357723578,0.0,0.2764227642276423,2005,152.0,156.0,0.0,19079.875,0.0,0.0,0.0,0.0,0.0,0.0,0.0,,0.0,6639272569.969,12.775,10.3,13.6,51.0,61.0,4914347.25,2625230.0
9,India - Singapore,Free Trade Agreement & Economic Integration Agreement,10,2005,2005-08-01,Bilateral,West Asia; East Asia,Yes,Yes,en,IND,SGP,167,201550,4348,0,0.6826347305389222,0.1437125748502994,0.17365269461077845,2005,356.0,702.0,0.0,4154.0340000000015,1.0,1.0,1.0,0.021,1.0,1.0,0.0,,1.0,235354561.151,2.83,62.0,0.9,106.0,12.0,5051016.25,3291849.75
10,Panama - Singapore,Free Trade Agreement & Economic Integration Agreement,11,2006,2006-07-24,Bilateral,Central America; East Asia,Yes,Yes,en,PAN,SGP,199,238554,4849,0,0.5326633165829145,0.2864321608040201,0.18090452261306533,2006,591.0,702.0,0.0,18835.832,0.0,0.0,0.0,0.049,0.0,0.0,0.0,,0.0,264078812.405,11.629,13.9,0.8,24.0,12.0,9736.778,9642.82
12,Turkey - Syria,Free Trade Agreement,13,2004,2007-01-01,Bilateral,Middle East; Europe,No,Yes,en,SYR,TUR,51,39683,1510,1,0.7843137254901961,0.0,0.21568627450980396,2004,760.0,792.0,1.0,1061.54,0.0,0.0,0.0,0.889,1.0,1.0,1.0,,0.0,728256984.735,,34.2,26.0,55.5,14.0,499276.227,81371.789
17,US - Bahrain,Free Trade Agreement & Economic Integration Agreement,19,2005,2006-08-01,Bilateral,Middle East; North America,Yes,Yes,en,BHR,USA,195,313241,6008,0,0.5538461538461539,0.26666666666666666,0.1794871794871795,2005,48.0,840.0,0.0,10643.577,0.0,0.0,0.0,0.014,1.0,1.0,0.0,,1.0,13093726000.0,38.931,,0.8,,12.0,428195.223,424393.938
20,Japan - Malaysia,Free Trade Agreement & Economic Integration Agreement,22,2005,2006-07-13,Bilateral,East Asia,Yes,No,en,JPN,MYS,161,183330,4422,0,0.6832298136645962,0.11180124223602483,0.20496894409937888,2005,392.0,458.0,0.0,5329.095,0.0,0.0,0.0,0.0,0.0,0.0,0.0,,0.0,424426739.263,31.663,10.7,26.6,42.0,47.5,12696732.445,12618352.0
21,Jordan - Singapore,Free Trade Agreement & Economic Integration Agreement,23,2004,2005-08-22,Bilateral,Middle East; East Asia,Yes,Yes,en,JOR,SGP,73,74714,2511,0,0.589041095890411,0.1095890410958904,0.3013698630136986,2004,400.0,702.0,0.0,7867.104,0.0,1.0,1.0,0.163,0.0,0.0,0.0,,1.0,212130952.952,7.245,102.1,1.0,36.5,15.0,16403.765,2280.271
24,"Korea, Republic of - Singapore",Free Trade Agreement & Economic Integration Agreement,28,2005,2006-03-02,Bilateral,East Asia,Yes,No,en,KOR,SGP,215,258014,5322,0,0.6232558139534884,0.19534883720930232,0.1813953488372093,2005,410.0,702.0,0.0,4676.683,0.0,1.0,0.0,0.005,0.0,0.0,0.0,,0.0,235354561.151,24.196,15.7,0.9,27.0,12.0,7548208.625,6543598.0
25,Turkey - Morocco,Free Trade Agreement,29,2004,2006-01-01,Bilateral,Africa; Europe,Yes,Yes,en,MAR,TUR,39,28500,1146,0,0.7948717948717948,0.0,0.20512820512820512,2004,504.0,792.0,0.0,3230.062,0.0,0.0,0.0,0.986,1.0,1.0,0.0,,0.0,728256984.735,4.5310000000000015,13.7,26.0,18.0,14.0,100567.621,74266.281
26,US - Morocco,Free Trade Agreement & Economic Integration Agreement,30,2004,2006-01-01,Bilateral,Africa; North America,Yes,Yes,en,MAR,USA,229,382355,7140,0,0.5633187772925764,0.2663755458515284,0.1703056768558952,2004,504.0,840.0,0.0,5840.309,0.0,0.0,0.0,0.009000000000000001,0.0,0.0,0.0,,1.0,12274928000.0,4.5310000000000015,13.7,0.7,18.0,12.0,569485.7339999999,338630.875
27,Thailand - New Zealand,Free Trade Agreement & Economic Integration Agreement,31,2005,2005-07-01,Bilateral,Oceania; East Asia,Yes,Yes,en,NZL,THA,152,146682,3539,0,0.7302631578947368,0.0986842105263158,0.17105263157894735,2005,554.0,764.0,0.0,9872.658,0.0,0.0,0.0,0.002,1.0,1.0,0.0,,0.0,671403300.382,25.677,0.2,17.3,14.0,43.0,252469.131,229447.469
30,Turkey - Palestinian Authority,Free Trade Agreement,34,2004,2005-06-01,Bilateral,Middle East; Europe,No,Yes,en,PSE,TUR,54,37231,1458,0,0.7777777777777778,0.0,0.2222222222222222,2004,275.0,792.0,0.0,1166.128,0.0,0.0,0.0,,0.0,0.0,0.0,,0.0,728256984.735,,92.9,26.0,87.5,14.0,544.987,0.0
31,Turkey - Tunisia,Free Trade Agreement,35,2004,2005-07-01,Bilateral,Africa; Europe,Yes,Yes,en,TUN,TUR,54,34565,1336,0,0.7962962962962963,0.0,0.2037037037037037,2004,788.0,792.0,0.0,1684.108,0.0,0.0,0.0,0.986,1.0,1.0,0.0,,0.0,728256984.735,7.4,11.1,26.0,20.0,14.0,98372.283,87324.406
34,Japan - Mexico,Free Trade Agreement & Economic Integration Agreement,38,2004,2005-04-01,Bilateral,East Asia; North America,Yes,Yes,en,JPN,MEX,179,210287,5790,0,0.7262569832402235,0.10614525139664804,0.16759776536312848,2004,392.0,484.0,0.0,11312.393999999998,0.0,0.0,0.0,0.006,0.0,0.0,0.0,,0.0,1212330478.19,30.383000000000006,10.6,28.5,42.0,40.5,6426843.353999998,6405070.0
36,Thailand - Australia,Free Trade Agreement & Economic Integration Agreement,40,2004,2005-01-01,Bilateral,Oceania; East Asia,Yes,Yes,en,AUS,THA,164,166403,3804,0,0.6585365853658537,0.15853658536585366,0.18292682926829268,2004,36.0,764.0,0.0,7539.52,0.0,0.0,0.0,0.002,1.0,1.0,0.0,,0.0,624327609.195,31.345,2.1,18.4,6.0,43.0,2599026.375,1910332.0
37,US - Australia,Free Trade Agreement & Economic Integration Agreement,41,2004,2005-01-01,Bilateral,Oceania; North America,Yes,Yes,en,AUS,USA,248,395335,6989,0,0.5241935483870968,0.2983870967741936,0.1774193548387097,2004,36.0,840.0,0.0,16008.793,1.0,1.0,0.0,0.191,1.0,1.0,0.0,,1.0,12274928000.0,31.345,2.1,0.7,6.0,12.0,7041070.437999999,6279192.0
42,Armenia - Turkmenistan,Free Trade Agreement,47,1995,1996-07-07,Bilateral,Commonwealth of Independent States (CIS),No,No,en,ARM,TKM,19,11144,626,0,0.8421052631578947,0.0,0.15789473684210525,1995,51.0,795.0,0.0,1223.83,0.0,0.0,1.0,0.0,1.0,1.0,0.0,,1.0,14115437.09,1.585,,,,,,
43,Armenia - Russian Federation,Free Trade Agreement,48,1992,1993-03-25,Bilateral,Commonwealth of Independent States (CIS),Yes,No,en,ARM,RUS,23,13870,744,0,0.7826086956521741,0.0,0.21739130434782608,1992,51.0,643.0,0.0,1803.035,0.0,0.0,0.0,0.0,1.0,1.0,0.0,,0.0,1019127116.401,1.35,,,,,,
44,Armenia - Moldova,Free Trade Agreement,49,1993,1995-12-21,Bilateral,Commonwealth of Independent States (CIS),Yes,No,en,ARM,MDA,21,11986,646,0,0.8571428571428571,0.0,0.14285714285714285,1993,51.0,498.0,0.0,1469.285,0.0,0.0,1.0,0.0,1.0,1.0,0.0,,1.0,,1.29,,,,,,
45,Armenia - Kazakhstan,Free Trade Agreement,50,1999,2001-12-25,Bilateral,Commonwealth of Independent States (CIS),Yes,No,en,ARM,KAZ,20,12755,705,0,0.8,0.0,0.2,1999,51.0,398.0,0.0,2700.251,0.0,0.0,1.0,0.0,1.0,1.0,0.0,,1.0,104543183.933,2.127,,,,,516.318,516.318
46,Armenia - Ukraine,Free Trade Agreement,51,1994,1996-12-18,Bilateral,Commonwealth of Independent States (CIS),Yes,No,en,ARM,UKR,15,8903,547,0,0.8,0.0,0.2,1994,51.0,804.0,0.0,1575.5870000000002,0.0,0.0,1.0,0.0,1.0,1.0,0.0,,1.0,212018846.824,1.423,,,,,,
47,"Korea, Republic of - Chile",Free Trade Agreement & Economic Integration Agreement,53,2003,2004-04-01,Bilateral,South America; East Asia,Yes,Yes,en,CHL,KOR,217,239566,4900,1,0.6589861751152074,0.17050691244239632,0.17050691244239632,2003,152.0,410.0,0.0,18375.182,0.0,0.0,0.0,0.034,0.0,0.0,0.0,,0.0,1023674453.257,10.771,12.1,18.4,51.0,27.0,1109067.063,765149.313
50,"China - Macao, China",Free Trade Agreement & Economic Integration Agreement,56,2003,2003-10-17,Bilateral,East Asia,Yes,No,en,CHN,MAC,25,11017,632,0,0.84,0.08,0.08,2003,156.0,446.0,1.0,1982.745,1.0,1.0,0.0,0.0,0.0,0.0,0.0,,0.0,18988793.33,3.961,17.8,,61.0,,1298890.703,1198982.625
51,"China - Hong Kong, China",Free Trade Agreement & Economic Integration Agreement,57,2003,2003-06-29,Bilateral,East Asia,Yes,No,en,CHN,HKG,23,18815,891,0,0.8260869565217391,0.08695652173913042,0.08695652173913042,2003,156.0,344.0,1.0,1976.249,1.0,1.0,0.0,0.0,0.0,0.0,,,,200529717.208,3.961,17.8,2.4,61.0,16.0,79498360.0,77771296.0
52,US - Singapore,Free Trade Agreement & Economic Integration Agreement,58,2003,2004-01-01,Bilateral,East Asia; North America,Yes,Yes,en,SGP,USA,222,376627,6918,0,0.5900900900900901,0.23423423423423426,0.17567567567567569,2003,702.0,840.0,0.0,15350.503,1.0,1.0,0.0,0.027000000000000003,1.0,1.0,0.0,,1.0,11510670000.0,45.8,1.0,0.7,15.0,12.0,15342305.813,15203188.0
53,US - Chile,Free Trade Agreement & Economic Integration Agreement,59,2003,2004-01-01,Bilateral,South America; North America,Yes,Yes,en,CHL,USA,162,242818,4903,0,0.4444444444444444,0.30246913580246915,0.25308641975308643,2003,152.0,840.0,0.0,8271.045,0.0,1.0,0.0,0.255,0.0,0.0,0.0,,1.0,11510670000.0,10.771,12.1,0.7,51.0,12.0,3883325.938,3572695.0
54,Singapore - Australia,Free Trade Agreement & Economic Integration Agreement,60,2003,2003-07-28,Bilateral,Oceania; East Asia,Yes,Yes,en,AUS,SGP,198,197947,4243,0,0.6464646464646465,0.21212121212121213,0.1414141414141414,2003,36.0,702.0,0.0,6301.786,1.0,1.0,0.0,0.02,1.0,1.0,0.0,,1.0,188457869.778,29.724,2.0,1.0,6.0,15.0,2332787.938,1336312.5
55,Turkey - Bosnia and Herzegovina,Free Trade Agreement,61,2002,2003-07-01,Bilateral,Europe,No,No,en,BIH,TUR,37,30203,1120,0,0.7567567567567568,0.0,0.2432432432432433,2002,70.0,792.0,0.0,918.63,0.0,0.0,0.0,0.397,0.0,0.0,1.0,,0.0,607794104.365,5.114,,,,,6191.356,3009.456
56,Turkey - Croatia,Free Trade Agreement,62,2002,2003-07-01,Bilateral,Europe,Yes,No,en,HRV,TUR,39,24424,989,0,0.6923076923076923,0.0,0.3076923076923077,2002,191.0,792.0,0.0,1174.147,0.0,0.0,0.0,0.013,0.0,0.0,0.0,,0.0,607794104.365,12.284,,,,,11021.01,10582.123
59,Canada - Costa Rica,Free Trade Agreement,66,2001,2002-11-01,Bilateral,North America; Central America,Yes,Yes,en,CAN,CRI,116,182449,4216,0,0.6637931034482759,0.008620689655172414,0.3275862068965517,2001,124.0,188.0,0.0,3774.394,0.0,0.0,0.0,0.439,0.0,0.0,0.0,,0.0,32533176.739,30.074,,,,,71811.82,60560.254
62,Japan - Singapore,Free Trade Agreement & Economic Integration Agreement,70,2002,2002-11-30,Bilateral,East Asia,Yes,No,en,JPN,SGP,155,156454,4717,0,0.7870967741935484,0.08387096774193549,0.12903225806451613,2002,392.0,702.0,0.0,5326.388000000001,0.0,0.0,0.0,0.001,0.0,0.0,0.0,,0.0,176926130.08400002,28.16,,,,,13155465.438,13111114.0
63,US - Jordan,Free Trade Agreement & Economic Integration Agreement,71,2000,2001-12-17,Bilateral,Middle East; North America,Yes,Yes,en,JOR,USA,21,53975,1965,0,0.8571428571428571,0.047619047619047616,0.09523809523809523,2000,400.0,840.0,0.0,9209.496,0.0,1.0,0.0,0.014,0.0,0.0,0.0,,1.0,10284779000.0,5.735,,,,,108865.073,108059.484
64,India - Sri Lanka,Free Trade Agreement,72,1998,2001-12-15,Bilateral,West Asia,Yes,No,en,IND,LKA,19,12795,698,0,0.8947368421052632,0.0,0.10526315789473684,1998,356.0,144.0,0.0,2431.215,0.0,0.0,1.0,0.009000000000000001,1.0,1.0,0.0,,1.0,71863678.738,1.746,,,,,434170.3,427904.156
69,New Zealand - Singapore,Free Trade Agreement & Economic Integration Agreement,78,2000,2001-01-01,Bilateral,Oceania; East Asia,Yes,Yes,en,NZL,SGP,86,105174,2999,0,0.6976744186046512,0.18604651162790695,0.11627906976744184,2000,554.0,702.0,0.0,8614.42,1.0,1.0,0.0,0.019,1.0,1.0,0.0,,1.0,165055027.232,21.51,,,,,232119.921,225420.859
72,Israel - Mexico,Free Trade Agreement,81,2000,2000-07-01,Bilateral,Middle East; North America,Yes,Yes,en,ISR,MEX,112,176192,3981,0,0.5803571428571429,0.13392857142857142,0.2857142857142857,2000,376.0,484.0,0.0,12487.836,0.0,0.0,0.0,0.009000000000000001,0.0,0.0,0.0,,0.0,1060833726.505,24.942,,,,,303102.639,297174.688
73,Georgia - Armenia,Free Trade Agreement,82,1995,1998-11-11,Bilateral,Commonwealth of Independent States (CIS),Yes,No,en,ARM,GEO,23,10787,579,0,0.8695652173913043,0.0,0.13043478260869565,1995,51.0,268.0,1.0,172.722,0.0,0.0,0.0,0.0,1.0,0.0,0.0,,1.0,7920562.507,1.585,,,,,,
74,Georgia - Azerbaijan,Free Trade Agreement,83,1996,1996-07-10,Bilateral,Commonwealth of Independent States (CIS),No,No,en,AZE,GEO,20,11228,623,0,0.9,0.0,0.1,1996,31.0,268.0,1.0,450.997,0.0,0.0,0.0,0.103,1.0,0.0,0.0,,1.0,8968454.365,2.472,,,,,,
75,Georgia - Kazakhstan,Free Trade Agreement,84,1997,1999-07-16,Bilateral,Commonwealth of Independent States (CIS),Yes,No,en,GEO,KAZ,18,13296,669,0,0.8333333333333334,0.0,0.16666666666666666,1997,268.0,398.0,0.0,2626.773,0.0,0.0,0.0,0.052000000000000005,1.0,0.0,0.0,,1.0,101105013.739,2.225,,,,,,
76,Georgia - Russian Federation,Free Trade Agreement,85,1994,1994-05-10,Bilateral,Commonwealth of Independent States (CIS),Yes,No,en,GEO,RUS,24,12210,639,0,0.8333333333333334,0.0,0.16666666666666666,1994,268.0,643.0,1.0,1644.856,0.0,0.0,0.0,0.013,1.0,0.0,0.0,,0.0,850879050.2310001,1.555,,,,,,
77,Georgia - Turkmenistan,Free Trade Agreement,86,1996,2000-01-01,Bilateral,Commonwealth of Independent States (CIS),No,No,en,GEO,TKM,17,11246,616,0,0.8235294117647058,0.0,0.17647058823529413,1996,268.0,795.0,0.0,1231.318,0.0,0.0,0.0,0.096,1.0,0.0,0.0,,1.0,15336119.979,1.943,,,,,,
78,Georgia - Ukraine,Free Trade Agreement,87,1995,1996-06-04,Bilateral,Commonwealth of Independent States (CIS),Yes,No,en,GEO,UKR,15,10062,541,0,0.7333333333333333,0.0,0.26666666666666666,1995,268.0,804.0,0.0,1465.1329999999996,0.0,0.0,0.0,0.0,1.0,0.0,0.0,,1.0,190035087.671,1.673,,,,,,
80,Turkey - Former Yugoslav Republic of Macedonia,Free Trade Agreement,89,1999,2000-09-01,Bilateral,Europe,Yes,No,en,MKD,TUR,37,24904,1063,0,0.7027027027027027,0.0,0.2972972972972973,1999,807.0,792.0,0.0,632.632,0.0,0.0,0.0,0.299,0.0,1.0,1.0,,0.0,545462779.63,5.422999999999999,,,,,9837.577,8512.259
81,Kyrgyz Republic - Armenia,Free Trade Agreement,90,1994,1995-10-27,Bilateral,Commonwealth of Independent States (CIS),Yes,No,en,ARM,KGZ,21,11569,600,0,0.8095238095238095,0.0,0.19047619047619047,1994,51.0,417.0,0.0,2512.077,0.0,0.0,1.0,0.0,1.0,1.0,0.0,,1.0,5842017.243,1.423,,,,,,
91,Kyrgyz Republic - Kazakhstan,Free Trade Agreement,100,1995,1995-11-11,Bilateral,Commonwealth of Independent States (CIS),Yes,No,en,KAZ,KGZ,19,11085,638,0,0.6842105263157895,0.0,0.3157894736842105,1995,398.0,417.0,1.0,194.978,1.0,1.0,1.0,0.329,1.0,1.0,0.0,,1.0,5640393.525,6.039,,,,,,
93,Kyrgyz Republic - Moldova,Free Trade Agreement,102,1995,1996-11-21,Bilateral,Commonwealth of Independent States (CIS),Yes,No,en,KGZ,MDA,20,12590,648,0,0.7,0.0,0.3,1995,417.0,498.0,0.0,3581.898,0.0,0.0,1.0,0.0,1.0,1.0,0.0,,1.0,6981299.77,1.237,,,,,,
94,Kyrgyz Republic - Russian Federation,Free Trade Agreement,103,1992,1993-04-24,Bilateral,Commonwealth of Independent States (CIS),Yes,No,en,KGZ,RUS,24,14179,688,0,0.7916666666666666,0.0,0.20833333333333331,1992,417.0,643.0,0.0,2985.871,1.0,1.0,0.0,0.079,1.0,1.0,0.0,,0.0,1019127116.401,1.832,,,,,,
95,Kyrgyz Republic - Ukraine,Free Trade Agreement,104,1995,1998-01-19,Bilateral,Commonwealth of Independent States (CIS),Yes,No,en,KGZ,UKR,16,10234,585,0,0.6875,0.0,0.3125,1995,417.0,804.0,0.0,3417.1020000000008,0.0,0.0,1.0,0.0,1.0,1.0,0.0,,1.0,190035087.671,1.237,,,,,,
96,Kyrgyz Republic - Uzbekistan,Free Trade Agreement,105,1996,1998-03-20,Bilateral,Commonwealth of Independent States (CIS),No,No,en,KGZ,UZB,21,13352,669,1,0.7619047619047619,0.0,0.2380952380952381,1996,417.0,860.0,1.0,480.287,0.0,0.0,1.0,0.616,1.0,1.0,0.0,,1.0,38571051.237,1.329,,,,,,
99,Turkey - Israel,Free Trade Agreement,108,1996,1997-05-01,Bilateral,Middle East; Europe,Yes,Yes,en,ISR,TUR,38,27566,688,0,0.7368421052631579,0.0,0.2631578947368421,1996,376.0,792.0,0.0,1123.008,0.0,0.0,0.0,0.079,0.0,0.0,0.0,,0.0,476473573.525,20.73,,,,,247783.23,209348.516
101,Canada - Chile,Free Trade Agreement & Economic Integration Agreement,110,1996,1997-07-05,Bilateral,North America; South America,Yes,Yes,en,CAN,CHL,179,251746,5408,0,0.5977653631284916,0.1787709497206704,0.223463687150838,1996,124.0,152.0,0.0,8632.244,0.0,0.0,0.0,0.388,0.0,0.0,0.0,,0.0,118519347.104,23.905,,,,,297308.594,157527.484
104,Canada - Israel,Free Trade Agreement,113,1996,1997-01-01,Bilateral,North America; Middle East,Yes,Yes,en,CAN,ISR,74,88032,2376,0,0.5540540540540541,0.040540540540540536,0.40540540540540543,1996,124.0,376.0,0.0,9276.556,1.0,1.0,0.0,0.006,1.0,1.0,0.0,,1.0,117993975.123,23.905,,,,,222468.101,208965.75
106,Faroe Islands - Norway,Free Trade Agreement,115,1992,1993-07-01,Bilateral,Europe,No,No,en,FRO,NOR,30,19748,913,1,0.8,0.0,0.2,1992,234.0,578.0,0.0,971.324,0.0,0.0,0.0,0.976,0.0,0.0,0.0,,0.0,88212166.67899999,,,,,,,
107,Faroe Islands - Switzerland,Free Trade Agreement,116,1994,1995-03-01,Bilateral,Europe,No,No,en,CHE,FRO,13,6701,427,1,0.7692307692307693,0.0,0.2307692307692308,1994,756.0,234.0,0.0,1902.256,0.0,0.0,0.0,0.4320000000000001,0.0,0.0,0.0,,0.0,,29.254,,,,,,
108,Faeroe Islands - Iceland,Free Trade Agreement,117,1992,1993-07-01,Bilateral,Europe,No,No,en,FRO,ISL,30,20227,933,1,0.8,0.0,0.2,1992,234.0,352.0,0.0,799.567,0.0,0.0,0.0,0.964,0.0,0.0,0.0,,1.0,5745666.925,,,,,,,
120,Lao People's Democratic Republic - Thailand,Partial Scope Agreement,131,1991,1991-06-20,Bilateral,East Asia,Yes,No,en,LAO,THA,11,6306,420,1,1.0,0.0,0.0,1991,418.0,764.0,1.0,525.249,0.0,1.0,0.0,0.0,0.0,0.0,0.0,,0.0,272818848.262,1.092,,,,,,
121,US - Israel,Free Trade Agreement,133,1985,1985-08-19,Bilateral,Middle East; North America,Yes,Yes,en,ISR,USA,24,24011,1158,1,0.7083333333333334,0.08333333333333333,0.20833333333333331,1985,376.0,840.0,0.0,9119.813,1.0,1.0,0.0,0.005,1.0,1.0,0.0,,1.0,,,,,,,,
122,Australia - New Zealand (ANZCERTA),Free Trade Agreement & Economic Integration Agreement,134,1982,1983-01-01,Bilateral,Oceania,Yes,No,en,AUS,NZL,26,60657,1580,1,0.6538461538461539,0.0,0.3461538461538461,1982,36.0,554.0,0.0,2333.461,1.0,1.0,0.0,0.14400000000000002,1.0,1.0,0.0,,1.0,,,,,,,,
126,Australia - Papua New Guinea (PATCRA),Free Trade Agreement,139,1976,1977-02-01,Bilateral,Oceania,Yes,No,en,AUS,PNG,26,20346,841,1,0.8461538461538461,0.0,0.15384615384615385,1976,36.0,598.0,0.0,2745.258,1.0,1.0,0.0,0.234,1.0,1.0,1.0,,1.0,,,,,,,,
139,Pakistan - China,Free Trade Agreement & Economic Integration Agreement,153,2006,2007-07-01,Bilateral,East Asia; West Asia,Yes,Yes,en,CHN,PAK,85,72531,2347,0,0.7529411764705882,0.05882352941176471,0.18823529411764706,2006,156.0,586.0,1.0,3882.877,0.0,0.0,0.0,0.023,0.0,0.0,0.0,,0.0,601917859.679,5.884,9.3,22.8,48.0,38.0,3904553.422,3810461.5
141,Australia - China,Free Trade Agreement & Economic Integration Agreement,156,2015,2015-12-20,Bilateral,Oceania; East Asia,Yes,Yes,en,AUS,CHN,224,243608,4918,0,0.7232142857142857,0.08035714285714286,0.19642857142857145,2015,36.0,156.0,0.0,8956.436,0.0,0.0,0.0,0.0,0.0,0.0,0.0,,0.0,19811750781.342,46.476000000000006,0.7,0.7,5.5,42.4,63042126.0,16833570.0
142,Australia - Chile,Free Trade Agreement & Economic Integration Agreement,157,2008,2009-03-06,Bilateral,Oceania; South America,Yes,Yes,en,AUS,CHL,293,342546,6444,0,0.5870307167235495,0.25597269624573377,0.15699658703071673,2008,36.0,152.0,0.0,11353.718,0.0,0.0,0.0,0.247,0.0,0.0,0.0,,0.0,273636846.329,37.507,0.8,7.5,5.5,49.0,311057.641,208836.75
144,Canada - Colombia,Free Trade Agreement & Economic Integration Agreement,162,2008,2011-08-15,Bilateral,North America; South America,Yes,Yes,en,CAN,COL,279,395268,6889,1,0.6236559139784946,0.2114695340501792,0.16487455197132614,2008,124.0,170.0,0.0,4363.174,0.0,0.0,0.0,0.453,0.0,0.0,0.0,,0.0,454954372.41,40.278,0.4,14.9,7.5,43.0,738462.391,576070.938
146,Canada - Rep. of Korea,Free Trade Agreement & Economic Integration Agreement,168,2014,2015-01-01,Bilateral,North America; East Asia,Yes,Yes,en,CAN,KOR,310,399855,7043,1,0.6838709677419355,0.15806451612903225,0.15806451612903225,2014,124.0,410.0,0.0,10617.703,0.0,1.0,0.0,0.054000000000000006,0.0,0.0,0.0,,0.0,1706688744.053,45.082,0.4,14.5,7.5,7.0,4453192.75,2223718.0
148,Japan - Viet Nam,Free Trade Agreement & Economic Integration Agreement,170,2008,2009-10-01,Bilateral,East Asia,Yes,No,en,JPN,VNM,131,124825,3777,0,0.8091603053435115,0.06106870229007633,0.1297709923664122,2008,392.0,704.0,0.0,3672.564,0.0,0.0,0.0,0.0,0.0,0.0,0.0,,0.0,334014403.782,34.799,7.5,16.8,31.0,47.0,7716819.469,7222927.5
149,Japan - Indonesia,Free Trade Agreement & Economic Integration Agreement,172,2007,2008-07-01,Bilateral,East Asia,Yes,No,en,IDN,JPN,155,175400,5019,0,0.7483870967741936,0.09032258064516127,0.16129032258064516,2007,360.0,392.0,0.0,5791.627,0.0,0.0,0.0,0.001,0.0,0.0,0.0,,0.0,4419763599.828,7.02,80.0,7.5,125.0,31.0,25875071.0,10420410.0
150,India - Japan,Free Trade Agreement & Economic Integration Agreement,173,2011,2011-08-01,Bilateral,West Asia; East Asia,Yes,Yes,en,IND,JPN,149,161904,5037,0,0.6912751677852349,0.12080536912751677,0.18791946308724836,2011,356.0,392.0,0.0,5847.71,0.0,0.0,0.0,0.0,0.0,0.0,0.0,,0.0,4573186804.907001,4.636,42.0,7.5,44.0,20.0,6142242.75,3589853.5
151,Japan - Australia,Free Trade Agreement & Economic Integration Agreement,175,2014,2015-01-15,Bilateral,Oceania; East Asia,Yes,Yes,en,AUS,JPN,276,315643,5091,0,0.6123188405797102,0.213768115942029,0.17391304347826084,2014,36.0,392.0,0.0,7831.446,0.0,0.0,0.0,0.004,0.0,0.0,0.0,,0.0,5013008206.785999,46.44600000000001,0.7,7.5,5.5,19.2,43661618.0,5759710.0
155,Japan - Switzerland,Free Trade Agreement & Economic Integration Agreement,179,2009,2009-09-01,Bilateral,East Asia; Europe,Yes,Yes,en,CHE,JPN,156,173529,5359,0,0.8076923076923077,0.09615384615384616,0.09615384615384616,2009,756.0,392.0,0.0,9680.594,0.0,0.0,0.0,0.006999999999999999,1.0,1.0,0.0,,0.0,4238262271.342,51.633,2.3,7.5,24.0,31.0,6614975.327000001,6607950.5
156,US - Peru,Free Trade Agreement & Economic Integration Agreement,180,2006,2009-02-01,Bilateral,South America; North America,Yes,Yes,en,PER,USA,279,491979,8159,0,0.6021505376344086,0.2258064516129032,0.1720430107526882,2006,604.0,840.0,0.0,5890.553000000001,0.0,1.0,0.0,0.297,0.0,0.0,0.0,,1.0,13855888000.0,7.404,31.1,0.8,84.0,12.0,5825318.5,4698014.0
157,US - Panama,Free Trade Agreement & Economic Integration Agreement,181,2007,2012-10-31,Bilateral,Central America; North America,Yes,Yes,en,PAN,USA,282,479944,8094,0,0.5921985815602837,0.2198581560283688,0.1879432624113475,2007,591.0,840.0,0.0,3580.789,0.0,1.0,0.0,0.278,0.0,0.0,0.0,,1.0,14477635000.0,13.13,13.0,0.7,24.0,12.0,526877.625,458635.813
158,US - Oman,Free Trade Agreement & Economic Integration Agreement,182,2006,2009-01-01,Bilateral,Middle East; North America,Yes,Yes,en,OMN,USA,221,389153,6974,0,0.5565610859728507,0.2850678733031674,0.1583710407239819,2006,512.0,840.0,0.0,11357.148,0.0,0.0,0.0,0.009000000000000001,0.0,0.0,0.0,,0.0,13855888000.0,38.979,4.5,0.8,53.4,12.0,853537.156,111345.781
159,"Korea, Republic of - US",Free Trade Agreement & Economic Integration Agreement,183,2007,2012-03-15,Bilateral,East Asia; North America,Yes,Yes,en,KOR,USA,272,490125,8145,0,0.5808823529411765,0.2389705882352941,0.1801470588235294,2007,410.0,840.0,0.0,11065.702,0.0,1.0,0.0,0.065,0.0,0.0,0.0,,0.0,14477635000.0,27.823,17.1,0.7,27.0,12.0,46563045.75,42516036.0
160,Malaysia - Australia,Free Trade Agreement & Economic Integration Agreement,186,2012,2013-01-01,Bilateral,Oceania; East Asia,Yes,Yes,en,AUS,MYS,244,250291,5154,0,0.6352459016393442,0.19262295081967207,0.1721311475409836,2012,36.0,458.0,0.0,6617.087,0.0,0.0,0.0,0.013,1.0,1.0,0.0,,1.0,671128434.618,42.61600000000001,0.7,15.1,5.5,15.5,5470362.5,3220562.5
161,Pakistan - Malaysia,Free Trade Agreement & Economic Integration Agreement,187,2007,2008-01-01,Bilateral,East Asia; West Asia,Yes,Yes,en,MYS,PAK,138,137644,3260,0,0.6956521739130435,0.10144927536231883,0.2028985507246377,2007,458.0,586.0,0.0,4509.983,0.0,0.0,1.0,0.478,1.0,1.0,0.0,,1.0,647800680.909,19.488,23.1,15.3,41.5,37.0,1241556.104,1211291.0
165,Albania - Bosnia and Herzegovina,Free Trade Agreement,191,2003,2004-12-01,Bilateral,Europe,No,No,en,ALB,BIH,41,35359,1210,1,0.6829268292682927,0.0,0.3170731707317073,2003,8.0,70.0,0.0,303.87,0.0,0.0,0.0,0.08199999999999999,1.0,0.0,0.0,,1.0,20213903.51,5.115,57.1,47.3,53.0,80.0,206.963,42.275
166,Albania - Bulgaria,Free Trade Agreement,192,2003,2003-09-01,Bilateral,Europe,Yes,No,en,ALB,BGR,38,32073,1209,0,0.7105263157894737,0.0,0.2894736842105263,2003,8.0,100.0,0.0,324.046,0.0,0.0,0.0,0.022,1.0,0.0,0.0,,1.0,65151655.915,5.115,57.1,10.4,53.0,51.0,331.9980000000001,269.342
167,Albania - Former Yugoslav Republic of Macedonia,Free Trade Agreement,193,2002,2002-07-01,Bilateral,Europe,Yes,No,en,ALB,MKD,41,31753,1213,0,0.6829268292682927,0.0,0.3170731707317073,2002,8.0,807.0,1.0,155.963,0.0,1.0,0.0,0.062,1.0,1.0,0.0,,1.0,12919326.529,4.755,,,,,5240.273,4383.654
168,Albania - Moldova,Free Trade Agreement,194,2003,2004-11-01,Bilateral,Europe; Commonwealth of Independent States (CIS),Yes,Yes,en,ALB,MDA,41,34951,1198,1,0.6829268292682927,0.0,0.3170731707317073,2003,8.0,498.0,0.0,955.949,0.0,0.0,0.0,0.0,1.0,1.0,0.0,,0.0,8647116.067,5.115,57.1,24.5,53.0,54.0,,
169,Albania - Romania,Free Trade Agreement,195,2003,2004-01-01,Bilateral,Europe,Yes,No,en,ALB,ROU,42,28863,1132,0,0.6904761904761905,0.0,0.30952380952380953,2003,8.0,642.0,0.0,617.628,0.0,0.0,0.0,0.002,1.0,1.0,0.0,,0.0,,5.115,57.1,10.9,53.0,36.0,90.569,79.86
174,Australia - New Zealand Free Trade Agreement,Free Trade Agreement,200,1965,1966-01-01,Bilateral,Oceania,Yes,No,en,AUS,NZL,19,27108,1049,0,0.6842105263157895,0.0,0.3157894736842105,1965,36.0,554.0,0.0,2333.461,1.0,1.0,0.0,0.14400000000000002,1.0,1.0,0.0,,1.0,,,,,,,,
176,Bulgaria - Bosnia and Herzegovina,Free Trade Agreement,202,2003,2004-12-01,Bilateral,Europe,No,No,en,BGR,BIH,42,37718,1219,1,0.6904761904761905,0.0,0.30952380952380953,2003,100.0,70.0,0.0,416.34,0.0,0.0,0.0,0.043,1.0,1.0,0.0,,1.0,20213903.51,8.379,10.4,47.3,51.0,80.0,10883.318,9776.393
177,Bulgaria - Estonia,Free Trade Agreement,203,2001,2002-01-01,Bilateral,Europe,Yes,No,en,BGR,EST,40,33625,1186,0,0.725,0.0,0.275,2001,100.0,233.0,0.0,1866.91,0.0,0.0,0.0,0.003,1.0,1.0,0.0,,0.0,14334255.34,6.954,,,,,4788.279,4769.307
178,Bulgaria - Former Yugoslav Republic of Macedonia,Free Trade Agreement,204,1999,2000-01-01,Bilateral,Europe,Yes,No,en,BGR,MKD,41,32269,1237,1,0.6829268292682927,0.0,0.3170731707317073,1999,100.0,807.0,1.0,168.097,0.0,0.0,0.0,0.032,1.0,0.0,0.0,,1.0,10977905.353,5.751,,,,,106154.69,90883.43
179,Bulgaria - Israel,Free Trade Agreement,205,2001,2002-01-01,Bilateral,Europe; Middle East,Yes,Yes,en,BGR,ISR,43,31814,1168,0,0.6976744186046512,0.0,0.3023255813953488,2001,100.0,376.0,0.0,1551.37,0.0,0.0,0.0,0.009000000000000001,0.0,0.0,0.0,,0.0,160644163.51700002,6.954,,,,,33617.655,25479.865
180,Bulgaria - Latvia,Free Trade Agreement,206,2002,2003-04-01,Bilateral,Europe,Yes,No,en,BGR,LVA,38,32142,1133,0,0.7105263157894737,0.0,0.2894736842105263,2002,100.0,428.0,0.0,1590.733,0.0,0.0,0.0,0.001,1.0,1.0,0.0,,0.0,23263574.396,7.766,,,,,8239.346,8087.573
181,Bulgaria - Lithuania,Free Trade Agreement,207,2001,2002-03-01,Bilateral,Europe,Yes,No,en,BGR,LTU,40,35090,1218,0,0.675,0.0,0.325,2001,100.0,440.0,0.0,1345.486,0.0,0.0,0.0,,1.0,0.0,0.0,,0.0,32880187.166,6.954,,,,,10349.128,9171.98
183,Bulgaria - Slovak Republic Free Trade Agreement,Free Trade Agreement,209,1995,1996-03-11,Bilateral,Europe,Yes,No,en,BGR,SVK,41,30767,1195,1,0.6829268292682927,0.0,0.3170731707317073,1995,100.0,703.0,0.0,776.85,0.0,0.0,0.0,0.004,1.0,1.0,0.0,,0.0,46340521.696,5.317,,,,,,
184,Bulgaria - Slovenia,Free Trade Agreement,210,1996,1997-01-01,Bilateral,Europe,Yes,No,en,BGR,SVN,39,29834,1167,1,0.6410256410256411,0.0,0.35897435897435903,1996,100.0,705.0,0.0,795.247,0.0,0.0,0.0,0.005,1.0,1.0,0.0,,0.0,28383002.368,5.625,,,,,5432.056,4727.168
185,Bulgaria - Turkey,Free Trade Agreement,211,1998,1999-01-01,Bilateral,Europe,Yes,No,en,BGR,TUR,42,31058,1166,0,0.6904761904761905,0.0,0.30952380952380953,1998,100.0,792.0,1.0,502.329,0.0,1.0,0.0,0.105,0.0,0.0,1.0,,0.0,557287694.275,6.0070000000000014,,,,,389670.219,242577.797
186,Canada - US Free Trade Agreement (CUSFTA),Free Trade Agreement,212,1988,1989-01-01,Bilateral,North America,Yes,No,en,CAN,USA,151,175320,4375,1,0.7350993377483444,0.08609271523178808,0.17880794701986755,1988,124.0,840.0,1.0,548.395,1.0,1.0,0.0,0.269,1.0,1.0,0.0,,1.0,,,,,,,,
193,Croatia - Albania,Free Trade Agreement,219,2002,2003-06-01,Bilateral,Europe,Yes,No,en,ALB,HRV,42,31698,1207,0,0.7142857142857143,0.0,0.2857142857142857,2002,8.0,191.0,0.0,585.956,0.0,0.0,0.0,0.002,1.0,0.0,0.0,,0.0,54539973.75,4.755,,,,,320.151,227.345
194,Croatia - Bosnia and Herzegovina,Free Trade Agreement,220,2000,2001-01-01,Bilateral,Europe,No,No,en,BIH,HRV,41,35323,1172,0,0.6829268292682927,0.0,0.3170731707317073,2000,70.0,191.0,1.0,290.154,1.0,1.0,0.0,0.12,1.0,1.0,0.0,,1.0,47564558.954,4.526,,,,,81038.622,72086.531
195,Croatia - Former Yugoslav Republic of Macedonia,Free Trade Agreement,221,1997,1997-10-30,Bilateral,Europe,Yes,No,en,HRV,MKD,40,30981,1128,1,0.725,0.0,0.275,1997,191.0,807.0,0.0,610.809,0.0,0.0,0.0,0.006999999999999999,1.0,0.0,0.0,,0.0,9914582.508,9.368,,,,,80454.898,55936.047
197,Czech Republic - Bulgaria Free Trade Agreement,Free Trade Agreement,223,1995,1996-06-07,Bilateral,Europe,Yes,No,en,BGR,CZE,41,30587,1200,0,0.6829268292682927,0.0,0.3170731707317073,1995,100.0,203.0,0.0,1069.866,0.0,0.0,0.0,0.002,0.0,1.0,0.0,,0.0,141366056.776,5.317,,,,,,
198,Czech Republic - Estonia,Free Trade Agreement,224,1996,1998-02-12,Bilateral,Europe,Yes,No,en,CZE,EST,43,32097,1163,0,0.6046511627906976,0.0,0.3953488372093023,1996,203.0,233.0,0.0,1227.457,0.0,0.0,0.0,0.038,0.0,1.0,0.0,,0.0,9662625.573,14.538,,,,,19470.223,19193.432
199,Czech Republic - Israel,Free Trade Agreement,225,1996,1997-12-01,Bilateral,Europe; Middle East,Yes,Yes,en,CZE,ISR,41,33287,1248,0,0.6585365853658537,0.0,0.3414634146341464,1996,203.0,376.0,0.0,2614.886,0.0,0.0,0.0,0.004,0.0,0.0,0.0,,0.0,117993975.123,14.538,,,,,36891.139,36770.418
200,Czech Republic - Latvia,Free Trade Agreement,226,1996,1997-09-01,Bilateral,Europe,Yes,No,en,CZE,LVA,43,31642,1172,0,0.6511627906976745,0.0,0.3488372093023256,1996,203.0,428.0,0.0,993.245,0.0,0.0,0.0,0.078,0.0,1.0,0.0,,0.0,14243962.434,14.538,,,,,23891.782000000007,23711.881
201,Czech Republic - Lithuania,Free Trade Agreement,227,1996,1997-07-01,Bilateral,Europe,Yes,No,en,CZE,LTU,42,30903,1146,1,0.6666666666666666,0.0,0.3333333333333333,1996,203.0,440.0,0.0,896.584,0.0,0.0,0.0,,0.0,0.0,0.0,,0.0,22977271.21,14.538,,,,,85777.543,85483.633
202,Czech Republic - Romania Free Trade Agreement,Free Trade Agreement,228,1994,1995-01-01,Bilateral,Europe,Yes,No,en,CZE,ROU,41,31030,1204,0,0.6585365853658537,0.0,0.3414634146341464,1994,203.0,642.0,0.0,1083.813,0.0,0.0,0.0,0.022,0.0,0.0,0.0,,0.0,,12.616,,,,,,
203,Czech Republic - Slovak Republic Customs Union,Customs Union,229,1992,1993-01-01,Bilateral,Europe,Yes,No,en,CZE,SVK,10,9375,549,0,1.0,0.0,0.0,1992,203.0,703.0,,,,,,,,,,,,,,,,,,,
204,Czech Republic - Slovenia,Free Trade Agreement,230,1993,1994-01-01,Bilateral,Europe,Yes,No,en,CZE,SVN,41,30902,1251,1,0.6829268292682927,0.0,0.3170731707317073,1993,203.0,705.0,0.0,448.934,0.0,0.0,0.0,0.28,0.0,1.0,0.0,,1.0,,12.008,,,,,,
205,Czech Republic - Turkey,Free Trade Agreement,231,1997,1998-09-01,Bilateral,Europe,Yes,No,en,CZE,TUR,39,30479,1159,0,0.6923076923076923,0.0,0.3076923076923077,1997,203.0,792.0,0.0,1511.031,0.0,0.0,0.0,0.0,0.0,0.0,0.0,,0.0,520409370.15,14.68,,,,,98004.48,97901.883
254,El Salvador - Nicaragua Free Trade Area,Free Trade Agreement,297,1951,1951-08-21,Bilateral,Central America,Yes,No,en,NIC,SLV,26,16892,913,0,0.8076923076923077,0.0,0.19230769230769232,1951,558.0,222.0,0.0,356.557,1.0,1.0,0.0,0.912,1.0,1.0,0.0,,1.0,,,,,,,,
256,Estonia - Faeroe Islands,Free Trade Agreement,299,1997,1998-12-01,Bilateral,Europe,No,No,en,EST,FRO,32,22467,937,1,0.78125,0.0,0.21875,1997,233.0,234.0,0.0,1722.169,0.0,0.0,0.0,0.659,0.0,0.0,0.0,,0.0,,7.8370000000000015,,,,,,
258,Estonia - Norway Free Trade Agreement,Free Trade Agreement,301,1992,1992-06-15,Bilateral,Europe,Yes,No,en,EST,NOR,27,17872,1031,1,0.7407407407407407,0.0,0.25925925925925924,1992,233.0,578.0,0.0,787.4169999999998,0.0,0.0,0.0,0.6459999999999999,0.0,0.0,0.0,,0.0,88212166.67899999,,,,,,,
259,Estonia - Sweden Free Trade Agreement,Free Trade Agreement,302,1992,1992-07-01,Bilateral,Europe,Yes,No,en,EST,SWE,26,18816,1009,1,0.6923076923076923,0.0,0.3076923076923077,1992,233.0,752.0,0.0,377.94,0.0,0.0,0.0,0.452,0.0,0.0,1.0,,0.0,177611286.785,,,,,,,
260,Estonia - Switzerland Free Trade Agreement,Free Trade Agreement,303,1992,1993-04-01,Bilateral,Europe,Yes,No,en,CHE,EST,34,25197,1181,0,0.7352941176470589,0.0,0.2647058823529412,1992,756.0,233.0,0.0,1794.213,0.0,0.0,0.0,0.29600000000000004,0.0,1.0,0.0,,0.0,,28.139,,,,,,
261,Estonia - Ukraine,Free Trade Agreement,304,1995,1996-03-14,Bilateral,Europe; Commonwealth of Independent States (CIS),Yes,Yes,en,EST,UKR,30,20305,913,1,0.7333333333333333,0.0,0.26666666666666666,1995,233.0,804.0,0.0,1066.134,0.0,0.0,1.0,0.0,1.0,0.0,0.0,,1.0,190035087.671,6.28,,,,,,
262,Finland - Estonia Protocol,Free Trade Agreement,307,1992,1992-12-01,Bilateral,Europe,Yes,No,en,EST,FIN,15,6938,469,1,0.9333333333333332,0.0,0.06666666666666668,1992,233.0,246.0,0.0,80.985,0.0,0.0,0.0,0.614,0.0,0.0,0.0,,1.0,86990843.87799999,,,,,,,
263,Finland - Latvia Protocol,Free Trade Agreement,310,1992,1993-07-01,Bilateral,Europe,Yes,No,en,FIN,LVA,14,7499,481,0,0.9285714285714286,0.0,0.07142857142857142,1992,246.0,428.0,0.0,358.129,0.0,0.0,0.0,0.131,0.0,0.0,0.0,,1.0,,17.253,,,,,,
264,Finland - Lithuania Protocol,Free Trade Agreement,311,1992,1993-07-01,Bilateral,Europe,Yes,No,en,FIN,LTU,15,7356,487,1,0.9333333333333332,0.0,0.06666666666666668,1992,246.0,440.0,0.0,606.876,0.0,0.0,0.0,,0.0,0.0,0.0,,1.0,,17.253,,,,,,
265,Former Yugoslav Republic of Macedonia  - Bosnia and Herzegovina,Free Trade Agreement,314,2002,2002-07-15,Bilateral,Europe,No,No,en,BIH,MKD,42,36563,1174,1,0.6904761904761905,0.0,0.30952380952380953,2002,70.0,807.0,0.0,322.8540000000001,0.0,0.0,0.0,0.122,1.0,0.0,0.0,,1.0,12919326.529,5.114,,,,,13101.319,5868.5340000000015
266,Ghana - Upper Volta Trade Agreement,Free Trade Agreement,315,1961,1962-05-09,Bilateral,Africa,Yes,No,en,BFA,GHA,18,8209,509,1,0.7777777777777778,0.0,0.2222222222222222,1961,854.0,288.0,1.0,770.8589999999998,0.0,0.0,0.0,0.08800000000000001,0.0,0.0,0.0,,0.0,,,,,,,,
268,Hungary - Estonia,Free Trade Agreement,317,1998,2001-03-01,Bilateral,Europe,Yes,No,en,EST,HUN,38,30951,1167,1,0.631578947368421,0.0,0.3684210526315789,1998,233.0,348.0,0.0,1377.818,0.0,0.0,0.0,0.153,1.0,1.0,0.0,,0.0,106543783.305,8.357000000000001,,,,,8910.287,8844.456
269,Hungary - Israel,Free Trade Agreement,318,1997,1998-02-01,Bilateral,Europe; Middle East,Yes,Yes,en,HUN,ISR,40,32254,1259,0,0.7,0.0,0.3,1997,348.0,376.0,0.0,2170.795,0.0,0.0,0.0,0.006,0.0,0.0,0.0,,0.0,124882776.608,9.792,,,,,51313.875,47608.48
270,Hungary - Latvia,Free Trade Agreement,319,1999,2000-01-01,Bilateral,Europe,Yes,No,en,HUN,LVA,40,29223,1101,1,0.625,0.0,0.375,1999,348.0,428.0,0.0,1105.945,0.0,0.0,0.0,0.129,1.0,1.0,0.0,,0.0,17702205.117,10.874,,,,,30641.346,29995.359
271,Hungary - Lithuania,Free Trade Agreement,320,1998,2000-03-01,Bilateral,Europe,Yes,No,en,HUN,LTU,38,30936,1152,1,0.6578947368421053,0.0,0.34210526315789475,1998,348.0,440.0,0.0,910.811,0.0,0.0,0.0,,1.0,0.0,0.0,,0.0,27525353.193000004,10.378,,,,,62208.10400000001,61015.617
272,Hungary - Slovenia Free Trade Agreement,Free Trade Agreement,321,1994,1995-01-01,Bilateral,Europe,Yes,No,en,HUN,SVN,41,31709,1221,1,0.6829268292682927,0.0,0.3170731707317073,1994,348.0,705.0,1.0,381.625,0.0,0.0,0.0,0.385,1.0,1.0,0.0,,0.0,,8.814,,,,,,
273,Hungary - Turkey,Free Trade Agreement,322,1997,1998-04-01,Bilateral,Europe,Yes,No,en,HUN,TUR,37,25050,1021,0,0.7297297297297297,0.0,0.2702702702702703,1997,348.0,792.0,0.0,1066.445,0.0,0.0,0.0,0.001,0.0,0.0,0.0,,0.0,520409370.15,9.792,,,,,129005.654,115318.008
274,Ireland - United Kingdom Free Trade Area,Free Trade Agreement,323,1965,1966-07-01,Bilateral,Europe,Yes,No,en,GBR,IRL,29,46193,1760,1,0.6206896551724138,0.0,0.3793103448275862,1965,826.0,372.0,1.0,460.411,1.0,1.0,0.0,0.127,1.0,1.0,1.0,,0.0,,,,,,,,
276,Latvia - Norway Free Trade Agreement,Free Trade Agreement,325,1992,1992-06-16,Bilateral,Europe,Yes,No,en,LVA,NOR,28,19236,1087,1,0.75,0.0,0.25,1992,428.0,578.0,0.0,843.1139999999998,0.0,0.0,0.0,0.138,0.0,0.0,0.0,,0.0,88212166.67899999,,,,,,,
277,Latvia - Sweden Free Trade Agreement,Free Trade Agreement,326,1992,1992-07-01,Bilateral,Europe,Yes,No,en,LVA,SWE,27,18997,1004,1,0.7037037037037037,0.0,0.2962962962962963,1992,428.0,752.0,0.0,441.649,0.0,0.0,0.0,0.099,0.0,0.0,0.0,,0.0,177611286.785,,,,,,,
278,Latvia - Switzerland Free Trade Agreement,Free Trade Agreement,327,1992,1993-04-01,Bilateral,Europe,Yes,No,en,CHE,LVA,35,26290,1248,0,0.7428571428571429,0.0,0.2571428571428571,1992,756.0,428.0,0.0,1587.651,0.0,0.0,0.0,0.157,0.0,1.0,0.0,,0.0,,28.139,,,,,,
279,Lithuania - Norway Free Trade Agreement,Free Trade Agreement,328,1992,1992-06-16,Bilateral,Europe,Yes,No,en,LTU,NOR,29,18641,1061,1,0.7586206896551724,0.0,0.2413793103448276,1992,440.0,578.0,0.0,1048.369,0.0,0.0,0.0,,0.0,0.0,0.0,,0.0,88212166.67899999,,,,,,,
280,Lithuania - Sweden Free Trade Agreement,Free Trade Agreement,329,1992,1992-07-01,Bilateral,Europe,Yes,No,en,LTU,SWE,27,18929,1022,1,0.7037037037037037,0.0,0.2962962962962963,1992,440.0,752.0,0.0,677.482,0.0,0.0,0.0,,0.0,0.0,0.0,,0.0,177611286.785,,,,,,,
281,Lithuania - Switzerland Free-Trade Agreement,Free Trade Agreement,330,1992,1993-04-01,Bilateral,Europe,Yes,No,en,CHE,LTU,35,25901,1189,0,0.7428571428571429,0.0,0.2571428571428571,1992,756.0,440.0,0.0,1516.9979999999996,0.0,0.0,0.0,,0.0,0.0,0.0,,0.0,,28.139,,,,,,
282,Moldova - Bosnia and Herzegovina,Free Trade Agreement,331,2002,2004-05-01,Bilateral,Europe; Commonwealth of Independent States (CIS),No,Yes,en,BIH,MDA,40,31619,1148,1,0.675,0.0,0.325,2002,70.0,498.0,0.0,883.068,0.0,0.0,0.0,0.0,1.0,0.0,0.0,,0.0,7953150.855,5.114,,,,,54.815,54.815
283,Moldova - Bulgaria,Free Trade Agreement,332,2004,2004-12-01,Bilateral,Europe; Commonwealth of Independent States (CIS),Yes,Yes,en,BGR,MDA,38,31814,1173,1,0.7105263157894737,0.0,0.2894736842105263,2004,100.0,498.0,0.0,650.321,0.0,1.0,0.0,0.0,1.0,0.0,0.0,,0.0,9542369.318,9.177,10.3,18.6,51.0,43.0,23780.13,21493.066000000006
284,Moldova - Croatia,Free Trade Agreement,333,2004,2004-10-01,Bilateral,Europe; Commonwealth of Independent States (CIS),Yes,Yes,en,HRV,MDA,40,28939,1159,1,0.7,0.0,0.3,2004,191.0,498.0,0.0,995.402,0.0,0.0,0.0,0.0,1.0,0.0,0.0,,0.0,9542369.318,14.098,13.7,18.6,40.0,43.0,8113.578,8113.574
285,Moldova - Former Yugoslav Republic of Macedonia,Free Trade Agreement,334,2004,2004-12-01,Bilateral,Commonwealth of Independent States (CIS); Europe,Yes,Yes,en,MDA,MKD,43,33866,1194,0,0.6511627906976745,0.0,0.3488372093023256,2004,498.0,807.0,0.0,806.596,0.0,0.0,0.0,0.0,1.0,1.0,0.0,,0.0,14574375.604,2.648,18.6,10.6,43.0,63.0,364.712,315.9240000000001
287,Poland - Faeroe Islands,Free Trade Agreement,336,1998,1998-06-01,Bilateral,Europe,No,No,en,FRO,POL,34,25401,1018,0,0.7941176470588235,0.0,0.2058823529411765,1998,234.0,616.0,0.0,1974.861,0.0,0.0,0.0,0.002,0.0,0.0,0.0,,0.0,365826407.97,,,,,,,
288,Poland - Israel,Free Trade Agreement,337,1998,1998-03-01,Bilateral,Middle East; Europe,Yes,Yes,en,ISR,POL,42,29940,1146,1,0.6666666666666666,0.0,0.3333333333333333,1998,376.0,616.0,0.0,2505.682,0.0,0.0,0.0,0.008,0.0,0.0,0.0,,0.0,365826407.97,22.032,,,,,164717.86,161622.969
289,Poland - Latvia,Free Trade Agreement,338,1997,1999-06-01,Bilateral,Europe,Yes,No,en,LVA,POL,41,34956,1282,0,0.6829268292682927,0.0,0.3170731707317073,1997,428.0,616.0,0.0,559.844,0.0,0.0,0.0,0.14800000000000002,1.0,1.0,0.0,,0.0,344600881.917,6.48,,,,,25259.229,24542.506
290,Poland - Lithuania,Free Trade Agreement,339,1996,1997-12-30,Bilateral,Europe,Yes,No,en,LTU,POL,40,32009,1202,0,0.65,0.0,0.35,1996,440.0,616.0,1.0,393.752,0.0,0.0,0.0,,1.0,0.0,0.0,,0.0,318844115.955,6.38,,,,,104237.922,51374.129
291,Romania - Bosnia and Herzegovina,Free Trade Agreement,340,2003,2003-10-24,Bilateral,Europe,No,No,en,BIH,ROU,44,33854,1176,1,0.6818181818181818,0.0,0.3181818181818182,2003,70.0,642.0,0.0,616.487,0.0,0.0,0.0,0.014,1.0,0.0,0.0,,0.0,,5.349,47.3,10.9,80.0,36.0,636.387,635.637
292,Romania - Former Yugoslav Republic of Macedonia,Free Trade Agreement,341,2003,2004-01-01,Bilateral,Europe,Yes,No,en,MKD,ROU,43,29562,1156,0,0.6744186046511628,0.0,0.32558139534883723,2003,807.0,642.0,0.0,463.171,0.0,0.0,0.0,0.004,1.0,1.0,0.0,,0.0,,6.502000000000002,11.0,10.9,63.0,36.0,1689.067,1489.812
293,Romania - Israel,Free Trade Agreement,342,2001,2001-07-01,Bilateral,Middle East; Europe,Yes,Yes,en,ISR,ROU,43,31498,1144,1,0.6976744186046512,0.0,0.3023255813953488,2001,376.0,642.0,0.0,1564.973,0.0,0.0,0.0,0.002,0.0,0.0,0.0,,0.0,,24.949,,,,,200066.225,173005.938
294,Romania - Moldova,Free Trade Agreement,343,1994,1995-01-01,Bilateral,Commonwealth of Independent States (CIS); Europe,Yes,Yes,en,MDA,ROU,36,21357,938,1,0.75,0.0,0.25,1994,498.0,642.0,1.0,356.672,1.0,1.0,0.0,0.0,1.0,1.0,0.0,,0.0,,,,,,,,
296,Romania - Turkey,Free Trade Agreement,345,1997,1998-02-01,Bilateral,Europe,Yes,No,en,ROU,TUR,42,31829,1211,0,0.6904761904761905,0.0,0.30952380952380953,1997,642.0,792.0,0.0,442.047,0.0,0.0,0.0,0.012,0.0,1.0,1.0,,0.0,520409370.15,,,,,,396241.164,302568.375
297,Slovak Republic - Estonia,Free Trade Agreement,346,1996,1998-03-13,Bilateral,Europe,Yes,No,en,EST,SVK,43,32103,1165,0,0.6046511627906976,0.0,0.3953488372093023,1996,233.0,703.0,0.0,1345.682,0.0,0.0,0.0,0.07,1.0,1.0,0.0,,0.0,50301306.141,6.8260000000000005,,,,,546.55,545.596
298,Slovak Republic - Israel,Free Trade Agreement,347,1996,1997-01-01,Bilateral,Middle East; Europe,Yes,Yes,en,ISR,SVK,41,33167,1238,0,0.6585365853658537,0.0,0.3414634146341464,1996,376.0,703.0,0.0,2322.519,0.0,0.0,0.0,0.008,0.0,0.0,0.0,,0.0,50301306.141,20.73,,,,,12325.0,12325.0
299,Slovak Republic - Latvia,Free Trade Agreement,348,1996,1997-07-01,Bilateral,Europe,Yes,No,en,LVA,SVK,43,31662,1168,0,0.6511627906976745,0.0,0.3488372093023256,1996,428.0,703.0,0.0,1083.025,0.0,0.0,0.0,0.147,1.0,1.0,0.0,,0.0,50301306.141,5.7970000000000015,,,,,,
300,Slovak Republic - Lithuania,Free Trade Agreement,349,1996,1997-11-14,Bilateral,Europe,Yes,No,en,LTU,SVK,42,30946,1147,1,0.6666666666666666,0.0,0.3333333333333333,1996,440.0,703.0,0.0,918.513,0.0,0.0,0.0,,1.0,0.0,0.0,,0.0,50301306.141,6.38,,,,,,
301,Slovak Republic - Romania Free Trade Agreement,Free Trade Agreement,350,1994,1995-01-01,Bilateral,Europe,Yes,No,en,ROU,SVK,41,31042,1205,1,0.6585365853658537,0.0,0.3414634146341464,1994,642.0,703.0,0.0,804.204,0.0,1.0,0.0,0.041,1.0,0.0,0.0,,0.0,42887575.83,,,,,,,
302,Slovak Republic - Turkey,Free Trade Agreement,352,1997,1998-08-01,Bilateral,Europe,Yes,No,en,SVK,TUR,40,30424,1158,0,0.675,0.0,0.325,1997,703.0,792.0,0.0,1223.27,0.0,0.0,0.0,0.001,0.0,0.0,0.0,,0.0,520409370.15,10.061,,,,,27908.784,27105.268
303,Slovenia - Bosnia and Herzegovina,Free Trade Agreement,353,2001,2002-01-01,Bilateral,Europe,No,No,en,BIH,SVN,37,29664,1133,0,0.7567567567567568,0.0,0.2432432432432433,2001,70.0,705.0,0.0,394.747,0.0,0.0,0.0,0.113,1.0,1.0,0.0,,1.0,37846698.512,4.742,,,,,62811.422,43860.598
304,Slovenia - Croatia,Free Trade Agreement,354,1997,1998-01-01,Bilateral,Europe,Yes,No,en,HRV,SVN,42,29623,1132,0,0.6904761904761905,0.0,0.30952380952380953,1997,191.0,705.0,1.0,117.345,0.0,0.0,0.0,0.546,1.0,1.0,0.0,,1.0,30306251.616,9.368,,,,,536833.969,350522.5
305,Slovenia - Estonia,Free Trade Agreement,355,1996,1997-01-01,Bilateral,Europe,Yes,No,en,EST,SVN,43,32607,1176,1,0.6046511627906976,0.0,0.3953488372093023,1996,233.0,705.0,0.0,1634.182,0.0,0.0,0.0,0.014,1.0,1.0,0.0,,0.0,28383002.368,6.8260000000000005,,,,,817.6289999999998,817.02
306,Slovenia - Former Yugoslav Republic of Macedonia,Free Trade Agreement,356,1996,1996-09-01,Bilateral,Europe,Yes,No,en,MKD,SVN,42,32404,1235,0,0.6666666666666666,0.0,0.3333333333333333,1996,807.0,705.0,0.0,717.5880000000002,0.0,0.0,0.0,0.008,1.0,0.0,0.0,,0.0,28383002.368,4.83,,,,,89579.894,87070.516
307,Slovenia - Israel,Free Trade Agreement,357,1998,1998-09-01,Bilateral,Middle East; Europe,Yes,Yes,en,ISR,SVN,41,30839,1179,1,0.6829268292682927,0.0,0.3170731707317073,1998,376.0,705.0,0.0,2330.303,0.0,0.0,0.0,0.008,0.0,0.0,0.0,,0.0,31754417.297,22.032,,,,,49983.84,48718.086
308,Slovenia - Latvia,Free Trade Agreement,358,1996,1996-08-01,Bilateral,Europe,Yes,No,en,LVA,SVN,38,26090,1090,1,0.7105263157894737,0.0,0.2894736842105263,1996,428.0,705.0,0.0,1378.849,0.0,0.0,0.0,0.13,1.0,1.0,0.0,,0.0,28383002.368,5.7970000000000015,,,,,1523.442,1397.165
309,Slovenia - Lithuania,Free Trade Agreement,359,1996,1997-03-01,Bilateral,Europe,Yes,No,en,LTU,SVN,42,31470,1190,1,0.6904761904761905,0.0,0.30952380952380953,1996,440.0,705.0,0.0,1225.651,0.0,0.0,0.0,,1.0,0.0,0.0,,0.0,28383002.368,6.38,,,,,1027.018,789.799
310,South Africa - Southern Rhodesia Customs Union,Customs Union,360,1948,1949-04-01,Bilateral,Africa,Yes,No,en,ZAF,ZWE,1,4852,362,0,1.0,0.0,0.0,1948,710.0,716.0,1.0,2186.206,1.0,1.0,0.0,0.099,1.0,1.0,0.0,,1.0,,,,,,,,
311,Turkey - Estonia,Free Trade Agreement,361,1997,1998-07-01,Bilateral,Europe,Yes,No,en,EST,TUR,37,27289,1073,0,0.6486486486486487,0.0,0.35135135135135137,1997,233.0,792.0,0.0,2066.79,0.0,0.0,0.0,0.0,0.0,0.0,0.0,,0.0,520409370.15,7.8370000000000015,,,,,20232.054,7111.446
312,Turkey - Latvia,Free Trade Agreement,362,1998,2000-07-01,Bilateral,Europe,Yes,No,en,LVA,TUR,38,22940,967,1,0.6842105263157895,0.0,0.3157894736842105,1998,428.0,792.0,0.0,1805.448,0.0,0.0,0.0,0.0,0.0,0.0,0.0,,0.0,557287694.275,7.069,,,,,2909.157,1771.004
313,Turkey - Lithuania,Free Trade Agreement,363,1997,1998-03-01,Bilateral,Europe,Yes,No,en,LTU,TUR,38,26792,1086,0,0.6578947368421053,0.0,0.34210526315789475,1997,440.0,792.0,0.0,1542.741,0.0,0.0,0.0,,0.0,1.0,0.0,,0.0,520409370.15,7.065,,,,,36448.285,32870.508
314,Turkey - Poland,Free Trade Agreement,364,1999,2000-05-01,Bilateral,Europe,Yes,No,en,POL,TUR,42,31732,1203,0,0.6904761904761905,0.0,0.30952380952380953,1999,616.0,792.0,0.0,1386.394,0.0,0.0,0.0,0.001,0.0,0.0,0.0,,0.0,545462779.63,10.022,,,,,95067.629,82318.453
315,Turkey - Slovenia,Free Trade Agreement,365,1998,2000-06-01,Bilateral,Europe,Yes,No,en,SVN,TUR,42,29144,1103,0,0.6428571428571429,0.0,0.35714285714285715,1998,705.0,792.0,0.0,1290.683,0.0,0.0,0.0,0.016,0.0,0.0,0.0,,0.0,557287694.275,16.024,,,,,63310.685,63261.57
323,India - Afghanistan,Partial Scope Agreement,389,2003,2003-05-13,Bilateral,West Asia,No,No,en,AFG,IND,19,12803,726,0,0.8947368421052632,0.0,0.10526315789473684,2003,4.0,356.0,0.0,1003.893,0.0,0.0,0.0,0.115,0.0,0.0,0.0,,1.0,2588877240.189,0.923,,53.4,,136.0,26694.005,19820.381
324,India - Nepal,Partial Scope Agreement,392,2009,2009-10-27,Bilateral,West Asia,Yes,No,en,IND,NPL,14,5792,395,0,0.7857142857142857,0.0,0.21428571428571427,2009,356.0,524.0,1.0,801.184,0.0,0.0,0.0,0.003,1.0,1.0,0.0,,0.0,49560311.858,3.92,66.1,53.6,47.0,38.0,1582420.156,1095491.375
325,Guatemala - Chinese Taipei,Free Trade Agreement & Economic Integration Agreement,424,2005,2006-07-01,Bilateral,East Asia; Central America,Yes,Yes,en,GTM,TWN,227,263559,5404,0,0.748898678414097,0.08370044052863436,0.16740088105726872,2005,320.0,158.0,0.0,14409.712,0.0,0.0,0.0,0.016,0.0,0.0,0.0,,0.0,,5.582000000000002,58.4,,54.0,,23640.642000000003,22145.029
326,Panama - Chinese Taipei,Free Trade Agreement & Economic Integration Agreement,425,2003,2004-01-01,Bilateral,East Asia; Central America,Yes,Yes,en,PAN,TWN,235,297184,5796,0,0.6425531914893617,0.1914893617021277,0.16595744680851066,2003,591.0,158.0,0.0,15612.308,0.0,0.0,0.0,0.015,0.0,0.0,0.0,,0.0,,8.979,14.9,,24.0,,11016.836,7336.114
329,Chile - Malaysia,Free Trade Agreement,453,2010,2012-02-25,Bilateral,South America; East Asia,Yes,Yes,en,CHL,MYS,123,104845,2946,1,0.7479674796747967,0.0,0.25203252032520324,2010,152.0,458.0,0.0,16562.121,0.0,0.0,0.0,0.023,0.0,0.0,0.0,,0.0,581371153.774,18.357,6.8,17.5,42.5,26.5,277904.414,150479.344
330,Iceland - China,Free Trade Agreement & Economic Integration Agreement,454,2013,2014-07-01,Bilateral,East Asia; Europe,Yes,Yes,en,CHN,ISL,131,103541,2922,0,0.7251908396946565,0.03816793893129771,0.2366412213740458,2013,156.0,352.0,0.0,7889.944,0.0,0.0,0.0,0.0,0.0,0.0,0.0,,0.0,13802407.525,12.368,1.9,2.7,47.4,9.5,343706.526,343104.031
333,"Hong Kong, China - New Zealand",Free Trade Agreement & Economic Integration Agreement,488,2010,2011-01-01,Bilateral,East Asia; Oceania,Yes,Yes,en,HKG,NZL,194,191286,4154,0,0.6804123711340206,0.12371134020618554,0.1958762886597938,2010,344.0,554.0,0.0,9631.967,1.0,1.0,0.0,0.043,1.0,1.0,0.0,,1.0,136019352.82,47.135,2.0,0.4,9.0,1.5,132432.547,132060.906
334,New Zealand - Malaysia,Free Trade Agreement & Economic Integration Agreement,489,2009,2010-08-01,Bilateral,East Asia; Oceania,Yes,Yes,en,MYS,NZL,204,210977,4744,0,0.7009803921568627,0.1176470588235294,0.18137254901960784,2009,458.0,554.0,0.0,8928.609,0.0,0.0,0.0,0.011,1.0,1.0,0.0,,1.0,132086826.201,19.448,15.6,0.4,28.5,1.5,643733.078,518326.156
335,Peru - Singapore,Free Trade Agreement & Economic Integration Agreement,495,2008,2009-08-01,Bilateral,South America; East Asia,Yes,Yes,en,PER,SGP,213,241245,8815,0,0.6572769953051644,0.14084507042253522,0.20187793427230047,2008,604.0,702.0,0.0,18825.875,0.0,0.0,0.0,0.045,0.0,0.0,0.0,,0.0,307003100.348,8.957,24.4,0.9,76.5,7.5,8015.769,7269.651
336,China - Singapore,Free Trade Agreement & Economic Integration Agreement,496,2008,2009-01-01,Bilateral,East Asia,Yes,No,en,CHN,SGP,117,130444,3585,0,0.6666666666666666,0.10256410256410256,0.2307692307692308,2008,156.0,702.0,0.0,4484.657,1.0,1.0,0.0,0.004,0.0,0.0,0.0,,0.0,307003100.348,7.635,8.4,0.9,55.0,7.5,32507884.0,30792210.0
337,Turkey - Jordan,Free Trade Agreement,502,2009,2011-03-01,Bilateral,Middle East; Europe,Yes,Yes,en,JOR,TUR,54,38358,1406,0,0.7962962962962963,0.0,0.2037037037037037,2009,400.0,792.0,0.0,1187.504,0.0,0.0,0.0,0.923,1.0,1.0,0.0,,0.0,1105889139.022,9.437,30.6,14.2,19.5,14.0,43651.964000000014,38933.563
342,US - Colombia,Free Trade Agreement & Economic Integration Agreement,530,2006,2012-05-15,Bilateral,South America; North America,Yes,Yes,en,COL,USA,282,491960,8124,0,0.6063829787234043,0.22340425531914893,0.1702127659574468,2006,170.0,840.0,0.0,4021.171,0.0,1.0,0.0,0.294,0.0,0.0,0.0,,1.0,13855888000.0,8.957,19.1,0.8,53.0,12.0,9940736.25,3093944.75
343,"Korea, Republic of - Australia",Free Trade Agreement & Economic Integration Agreement,537,2014,2014-12-12,Bilateral,Oceania; East Asia,Yes,Yes,en,AUS,KOR,307,400807,7082,0,0.6254071661237784,0.2280130293159609,0.1465798045602606,2014,36.0,410.0,0.0,8329.652,0.0,1.0,0.0,0.04,0.0,0.0,0.0,,0.0,1706688744.053,46.44600000000001,0.7,14.5,5.5,7.0,19121816.25,3977605.25
344,Turkey - Chile,Free Trade Agreement,539,2009,2011-03-01,Bilateral,South America; Europe,Yes,Yes,en,CHL,TUR,68,60797,1945,0,0.8382352941176471,0.0,0.16176470588235295,2009,152.0,792.0,0.0,13118.549,0.0,0.0,0.0,0.001,1.0,1.0,0.0,,0.0,1105889139.022,16.267,6.9,14.2,49.0,14.0,219128.28,217334.547
345,India - Malaysia,Free Trade Agreement & Economic Integration Agreement,544,2011,2011-07-01,Bilateral,West Asia; East Asia,Yes,Yes,en,IND,MYS,188,210950,4688,0,0.7127659574468085,0.11170212765957446,0.17553191489361702,2011,356.0,458.0,0.0,3842.43,0.0,0.0,1.0,0.058,1.0,1.0,0.0,,1.0,624786298.314,4.636,42.0,16.4,44.0,14.5,3852579.813,2984586.0
346,Turkey - Albania,Free Trade Agreement,560,2006,2008-05-01,Bilateral,Europe,Yes,No,en,ALB,TUR,38,28028,1119,0,0.7368421052631579,0.0,0.2631578947368421,2006,8.0,792.0,0.0,765.423,0.0,0.0,0.0,0.203,0.0,1.0,1.0,,0.0,937107861.006,6.635,22.5,26.5,51.0,14.0,12449.76,1962.932
347,Pakistan - Sri Lanka,Free Trade Agreement,561,2002,2005-06-12,Bilateral,West Asia,Yes,No,en,LKA,PAK,19,13718,720,1,0.9473684210526316,0.0,0.05263157894736842,2002,144.0,586.0,0.0,3057.006,0.0,0.0,1.0,0.07,1.0,1.0,0.0,,1.0,419506884.674,4.631,,,,,28821.724,9453.929
348,India - Bhutan,Free Trade Agreement,562,2006,2006-07-29,Bilateral,West Asia,No,No,en,BTN,IND,13,9548,598,0,0.5384615384615384,0.0,0.4615384615384616,2006,64.0,356.0,1.0,1236.124,0.0,0.0,0.0,0.006,1.0,1.0,0.0,,0.0,3647022562.139,4.331,14.1,78.4,72.0,49.0,319200.273,195864.0
350,Iceland - Faroe Islands,Free Trade Agreement & Economic Integration Agreement,566,2005,2006-11-01,Bilateral,Europe,No,No,en,FRO,ISL,15,15683,734,0,0.9333333333333332,0.0,0.06666666666666668,2005,234.0,352.0,0.0,799.567,0.0,0.0,0.0,0.964,0.0,0.0,0.0,,1.0,10968632.156,,,2.8,,10.0,,
351,Brunei Darussalam - Japan,Free Trade Agreement & Economic Integration Agreement,567,2007,2008-07-31,Bilateral,East Asia,Yes,No,en,BRN,JPN,124,150683,3101,0,0.5887096774193549,0.14516129032258066,0.2661290322580645,2007,96.0,392.0,0.0,4260.378,0.0,0.0,0.0,0.0,0.0,0.0,0.0,,0.0,4419763599.828,79.617,9.1,7.5,142.5,31.0,2383335.356,2240.106
352,Canada - Jordan,Free Trade Agreement,568,2009,2012-10-01,Bilateral,North America; Middle East,Yes,Yes,en,CAN,JOR,106,133462,3514,1,0.6886792452830188,0.018867924528301886,0.29245283018867924,2009,124.0,400.0,0.0,9360.481,0.0,1.0,0.0,0.014,0.0,0.0,0.0,,1.0,64368453.094,38.791,0.4,30.6,7.5,19.5,62240.111,60033.285
353,Ukraine - Azerbaijan,Free Trade Agreement,570,1995,1996-09-02,Bilateral,Commonwealth of Independent States (CIS),No,No,en,AZE,UKR,16,10770,578,0,0.875,0.0,0.125,1995,31.0,804.0,0.0,1873.832,0.0,0.0,1.0,0.0,1.0,1.0,0.0,,1.0,190035087.671,2.42,,,,,,
354,Ukraine - Belarus,Free Trade Agreement,571,1992,2006-11-11,Bilateral,Commonwealth of Independent States (CIS),No,No,en,BLR,UKR,18,12199,636,0,0.7777777777777778,0.0,0.2222222222222222,1992,112.0,804.0,1.0,433.528,0.0,0.0,1.0,0.0,1.0,0.0,0.0,,1.0,306760473.612,5.083,,,,,,
355,Ukraine - Kazakhstan,Free Trade Agreement,572,1994,1998-10-19,Bilateral,Commonwealth of Independent States (CIS),Yes,No,en,KAZ,UKR,15,11100,584,1,0.7333333333333333,0.0,0.26666666666666666,1994,398.0,804.0,0.0,3564.066,0.0,0.0,1.0,0.0,1.0,1.0,0.0,,1.0,212018846.824,6.332000000000002,,,,,,
356,Ukraine - Former Yugoslav Republic of Macedonia,Free Trade Agreement,573,2001,2001-07-05,Bilateral,Europe; Commonwealth of Independent States (CIS),Yes,Yes,en,MKD,UKR,39,32660,1230,0,0.6923076923076923,0.0,0.3076923076923077,2001,807.0,804.0,0.0,1165.076,0.0,0.0,0.0,0.0,1.0,1.0,0.0,,0.0,208849946.048,6.042999999999998,,,,,1834.398,825.572
357,Ukraine - Moldova,Free Trade Agreement,574,2003,2005-05-19,Bilateral,Commonwealth of Independent States (CIS),Yes,No,en,MDA,UKR,34,18614,782,0,0.8235294117647058,0.0,0.17647058823529413,2003,498.0,804.0,1.0,399.461,0.0,0.0,1.0,0.0,1.0,1.0,0.0,,1.0,248919316.07900003,2.393,24.5,25.6,54.0,55.0,69532.332,62944.98
358,Ukraine - Tajikistan,Free Trade Agreement,576,2001,2002-07-11,Bilateral,Commonwealth of Independent States (CIS),Yes,No,en,TJK,UKR,16,12159,644,0,0.8125,0.0,0.1875,2001,762.0,804.0,0.0,3268.097,0.0,0.0,1.0,0.0,1.0,1.0,0.0,,1.0,208849946.048,1.036,,,,,1529.1429999999998,288.439
359,Ukraine -Turkmenistan,Free Trade Agreement,577,1994,1995-11-04,Bilateral,Commonwealth of Independent States (CIS),No,No,en,TKM,UKR,15,9122,503,0,0.8666666666666667,0.0,0.13333333333333333,1994,795.0,804.0,0.0,2599.063,0.0,0.0,1.0,0.0,1.0,1.0,0.0,,1.0,212018846.824,3.621,,,,,,
360,Ukraine - Uzbekistan,Free Trade Agreement,578,1994,1996-01-01,Bilateral,Commonwealth of Independent States (CIS),No,No,en,UKR,UZB,17,12374,630,0,0.8823529411764706,0.0,0.1176470588235294,1994,804.0,860.0,0.0,3128.88,0.0,0.0,1.0,0.0,1.0,1.0,0.0,,1.0,36816735.48,4.083,,,,,,
362,Ukraine - Russian Federation,Free Trade Agreement,580,1993,1994-02-21,Bilateral,Commonwealth of Independent States (CIS),Yes,No,en,RUS,UKR,19,12875,661,0,0.8421052631578947,0.0,0.15789473684210525,1993,643.0,804.0,1.0,763.4060000000002,0.0,0.0,0.0,0.0,1.0,1.0,0.0,,0.0,269380723.111,6.416,,,,,,
369,Canada - Panama,Free Trade Agreement & Economic Integration Agreement,608,2010,2013-04-01,Bilateral,North America; Central America,Yes,Yes,en,CAN,PAN,245,347560,6270,0,0.5836734693877551,0.23673469387755106,0.17959183673469387,2010,124.0,591.0,0.0,3862.1,0.0,0.0,0.0,0.412,0.0,0.0,0.0,,0.0,55039719.438,40.027,0.4,10.2,7.5,15.0,133489.612,131143.297
372,Japan - Philippines,Free Trade Agreement & Economic Integration Agreement,622,2006,2008-12-11,Bilateral,East Asia,Yes,No,en,JPN,PHL,167,179085,5099,0,0.7485029940119761,0.08982035928143713,0.16167664670658682,2006,392.0,608.0,0.0,2999.541,0.0,0.0,0.0,0.005,0.0,0.0,0.0,,0.0,398228061.637,33.058,7.5,22.2,31.0,64.0,8932651.227,8848293.0
374,Chile - India,Partial Scope Agreement,625,2006,2007-08-17,Bilateral,South America; West Asia,Yes,Yes,en,CHL,IND,25,13800,731,1,0.76,0.0,0.24,2006,152.0,356.0,0.0,16936.537,0.0,0.0,0.0,0.011,0.0,0.0,0.0,,0.0,3647022562.139,15.611,9.8,78.4,49.0,49.0,1671008.441,57577.441
375,Turkey - Serbia,Free Trade Agreement,627,2009,2010-09-01,Bilateral,Europe,No,No,en,SRB,TUR,39,28701,1126,0,0.7179487179487181,0.0,0.28205128205128205,2009,688.0,792.0,,807.451,0.0,0.0,0.0,,0.0,1.0,0.0,,0.0,1105889139.022,11.842,7.1,14.2,20.0,14.0,64337.497,55510.41
376,Switzerland - China,Free Trade Agreement & Economic Integration Agreement,635,2013,2014-07-01,Bilateral,East Asia; Europe,Yes,Yes,en,CHE,CHN,176,164172,6015,0,0.8238636363636364,0.045454545454545456,0.13068181818181818,2013,756.0,156.0,0.0,8084.264,0.0,0.0,0.0,0.0,0.0,1.0,0.0,,0.0,16788029504.901,59.788,2.3,1.9,24.0,47.4,21174467.383,21070420.0
377,Turkey - Georgia,Free Trade Agreement,636,2007,2008-11-01,Bilateral,Commonwealth of Independent States (CIS); Europe,Yes,Yes,en,GEO,TUR,38,25344,1015,1,0.7631578947368421,0.0,0.2368421052631579,2007,268.0,792.0,1.0,1325.466,0.0,0.0,0.0,0.109,0.0,0.0,0.0,,0.0,1032837455.482,5.8260000000000005,9.5,20.7,18.0,14.0,195523.047,60244.172
378,Mauritius - Pakistan,Partial Scope Agreement,638,2007,2007-11-30,Bilateral,Africa; West Asia,Yes,Yes,en,MUS,PAK,27,17598,757,0,0.8888888888888888,0.0,0.1111111111111111,2007,480.0,586.0,0.0,6217.038000000001,1.0,1.0,1.0,0.16,0.0,0.0,0.0,,1.0,647800680.909,13.328,5.4,15.3,14.5,37.0,644.2959999999998,342.586
379,Rep. of Korea - New Zealand,Free Trade Agreement & Economic Integration Agreement,643,2015,2015-12-20,Bilateral,East Asia; Oceania,Yes,Yes,en,KOR,NZL,254,338558,6268,0,0.6456692913385826,0.14960629921259844,0.2047244094488189,2015,410.0,554.0,0.0,10293.837,0.0,1.0,0.0,0.054000000000000006,0.0,0.0,0.0,,0.0,174401849.904,34.422,14.5,0.3,7.0,1.5,1378935.25,963586.875
380,"Peru - Korea, Republic of",Free Trade Agreement & Economic Integration Agreement,645,2011,2011-08-01,Bilateral,East Asia; South America,Yes,Yes,en,KOR,PER,309,363628,6674,1,0.627831715210356,0.1941747572815534,0.1779935275080906,2011,410.0,604.0,0.0,16329.765,0.0,0.0,0.0,0.04,0.0,0.0,0.0,,0.0,310964900.335,31.229,14.6,11.1,12.0,32.0,1430612.822,1429177.625
384,China - New Zealand,Free Trade Agreement & Economic Integration Agreement,664,2008,2008-10-01,Bilateral,East Asia; Oceania,Yes,Yes,en,CHN,NZL,216,211426,4498,0,0.6944444444444444,0.0925925925925926,0.21296296296296294,2008,156.0,554.0,0.0,11041.027,0.0,0.0,0.0,0.0,0.0,0.0,0.0,,0.0,127199205.21,7.635,8.4,0.4,55.0,1.5,3687125.367,3591323.25
385,Peru - China,Free Trade Agreement & Economic Integration Agreement,666,2009,2010-03-01,Bilateral,East Asia; South America,Yes,Yes,en,CHN,PER,203,210528,4555,0,0.6945812807881774,0.08866995073891626,0.2167487684729064,2009,156.0,604.0,0.0,16666.291,0.0,0.0,0.0,0.0,0.0,0.0,0.0,,0.0,261313018.211,8.374,4.9,16.2,52.0,49.5,2845417.887,2827461.0
386,Nicaragua - Chinese Taipei,Free Trade Agreement & Economic Integration Agreement,671,2006,2008-01-01,Bilateral,East Asia; Central America,Yes,Yes,en,NIC,TWN,277,346868,6500,0,0.6534296028880866,0.18772563176895307,0.1588447653429603,2006,558.0,158.0,0.0,14910.504,0.0,0.0,0.0,0.016,0.0,0.0,0.0,,0.0,,3.547,123.6,,48.0,,5910.552,4822.114000000001
387,Canada - Peru,Free Trade Agreement & Economic Integration Agreement,672,2008,2009-08-01,Bilateral,North America; South America,Yes,Yes,en,CAN,PER,283,381030,6628,1,0.6254416961130742,0.215547703180212,0.15901060070671375,2008,124.0,604.0,0.0,6209.441,0.0,0.0,0.0,0.451,0.0,0.0,0.0,,0.0,256532331.728,40.278,0.4,24.4,7.5,76.5,412231.375,280609.063
389,China - Costa Rica,Free Trade Agreement & Economic Integration Agreement,677,2010,2011-08-01,Bilateral,East Asia; Central America,Yes,Yes,en,CHN,CRI,170,179028,4186,0,0.6941176470588235,0.052941176470588235,0.2529411764705882,2010,156.0,188.0,0.0,14090.979,0.0,0.0,0.0,0.0,0.0,0.0,0.0,,0.0,57893323.06600001,9.333,4.5,10.1,52.0,85.5,901398.585,896094.375
390,Costa Rica - Singapore,Free Trade Agreement & Economic Integration Agreement,678,2010,2013-07-01,Bilateral,Central America; East Asia,Yes,Yes,en,CRI,SGP,206,234735,5209,0,0.6213592233009708,0.16019417475728154,0.2184466019417476,2010,188.0,702.0,0.0,18503.559,0.0,0.0,0.0,0.044,0.0,0.0,0.0,,0.0,358654973.137,12.737,10.1,0.7,85.5,5.5,124222.097,121515.906
393,Chile - Viet Nam,Free Trade Agreement,685,2011,2014-01-01,Bilateral,South America; East Asia,Yes,Yes,en,CHL,VNM,115,103431,2906,0,0.7391304347826086,0.008695652173913044,0.25217391304347825,2011,152.0,704.0,0.0,18603.055,0.0,0.0,0.0,0.032,0.0,1.0,0.0,,0.0,414339189.417,20.438,5.1,10.7,14.5,45.0,353172.2460000001,310433.969
396,Canada - Ukraine,Free Trade Agreement,694,2016,2017-08-01,Bilateral,North America; Commonwealth of Independent States (CIS),Yes,Yes,en,CAN,UKR,216,251019,4855,0,0.7407407407407407,0.07407407407407407,0.1851851851851852,2016,124.0,804.0,0.0,7564.316,0.0,0.0,0.0,0.0,0.0,0.0,0.0,,0.0,352977531.138,44.025,0.4,0.5,3.5,9.0,213843.922,99237.508
397,"Korea, Republic of -  Colombia",Free Trade Agreement & Economic Integration Agreement,695,2013,2016-07-15,Bilateral,South America; East Asia,Yes,Yes,en,COL,KOR,276,361334,6987,0,0.6413043478260869,0.17753623188405798,0.18115942028985507,2013,170.0,410.0,0.0,14817.3,0.0,0.0,0.0,0.039,0.0,0.0,0.0,,0.0,1644777306.032,12.725,7.5,14.6,19.0,7.0,235663.305,86816.68
398,China - Rep. of Korea,Free Trade Agreement & Economic Integration Agreement,697,2015,2015-12-20,Bilateral,East Asia,Yes,No,en,CHN,KOR,307,318986,6309,0,0.7198697068403909,0.14006514657980454,0.14006514657980454,2015,156.0,410.0,0.0,955.651,0.0,0.0,0.0,0.0,0.0,1.0,0.0,,0.0,1756015056.4929998,14.448,0.7,14.5,42.4,7.0,94957531.0,92639976.0
399,"Korea, Republic of - Turkey",Free Trade Agreement,699,2012,2013-05-01,Bilateral,East Asia; Europe,Yes,Yes,en,KOR,TUR,64,69254,2143,0,1.0,0.0,0.0,2012,410.0,792.0,0.0,7967.701,0.0,0.0,0.0,0.0,0.0,0.0,0.0,,0.0,1539111515.7429998,32.097,14.6,10.5,7.0,14.0,4978497.688,4907610.0
400,Turkey - Montenegro,Free Trade Agreement,708,2008,2010-03-01,Bilateral,Europe,Yes,No,en,MNE,TUR,38,29586,1384,0,0.7368421052631579,0.0,0.2631578947368421,2008,499.0,792.0,,807.451,0.0,0.0,0.0,,0.0,1.0,0.0,,0.0,1130486451.657,13.738,4.6,14.9,34.0,14.0,1465.5410000000004,159.377
401,Rep. of Korea - Viet Nam,Free Trade Agreement & Economic Integration Agreement,709,2015,2015-12-20,Bilateral,East Asia,Yes,No,en,KOR,VNM,199,247035,5271,0,0.6783919597989949,0.10552763819095476,0.21608040201005024,2015,410.0,704.0,0.0,2740.135,0.0,0.0,0.0,0.002,0.0,0.0,0.0,,0.0,553421892.998,34.422,14.5,4.9,7.0,29.0,26733745.781,26317038.0
404,"Korea, Republic of - India",Free Trade Agreement & Economic Integration Agreement,715,2009,2010-01-01,Bilateral,West Asia; East Asia,Yes,Yes,en,IND,KOR,199,235127,5255,1,0.6030150753768844,0.1708542713567839,0.2261306532663317,2009,356.0,410.0,0.0,4692.672000000001,0.0,1.0,0.0,0.002,0.0,0.0,0.0,,0.0,1396413622.349,3.92,66.1,14.7,47.0,22.0,4061149.25,1489940.25
408,"Hong Kong, China - Chile",Free Trade Agreement & Economic Integration Agreement,746,2012,2014-10-09,Bilateral,South America; East Asia,Yes,Yes,en,CHL,HKG,172,173884,4064,0,0.6337209302325582,0.1569767441860465,0.20930232558139536,2012,152.0,344.0,0.0,18697.316000000006,0.0,0.0,0.0,0.066,0.0,0.0,0.0,,0.0,366845370.111,21.62,4.5,1.9,12.5,5.5,251697.432,245684.797
412,Japan - Peru,Free Trade Agreement & Economic Integration Agreement,760,2011,2012-03-01,Bilateral,East Asia; South America,Yes,Yes,en,JPN,PER,227,231740,6440,0,0.6343612334801763,0.14977973568281938,0.2158590308370044,2011,392.0,604.0,0.0,15505.615,0.0,0.0,0.0,0.006,0.0,0.0,0.0,,0.0,310964900.335,35.775,7.5,11.1,20.0,32.0,1125847.26,1121350.25
418,Turkey - Mauritius,Free Trade Agreement,806,2011,2013-06-01,Bilateral,Africa; Europe,Yes,Yes,en,MUS,TUR,38,33838,1266,0,0.6578947368421053,0.0,0.34210526315789475,2011,480.0,792.0,0.0,7422.923000000002,0.0,0.0,0.0,0.163,1.0,1.0,0.0,,0.0,1443295182.244,16.562,3.6,11.2,12.5,14.0,6617.938,6617.938
419,Turkey - Malaysia,Free Trade Agreement,823,2014,2015-08-01,Bilateral,East Asia; Europe,Yes,Yes,en,MYS,TUR,166,154714,3713,0,0.7289156626506024,0.0,0.2710843373493976,2014,458.0,792.0,0.0,8344.665,0.0,0.0,0.0,0.49,0.0,0.0,0.0,,0.0,1780288818.2589996,25.488000000000003,7.2,16.4,13.5,15.5,1021044.848,985280.625
420,Russian Federation - Belarus,Free Trade Agreement,828,1992,1993-04-20,Bilateral,Commonwealth of Independent States (CIS),No,No,en,BLR,RUS,22,13298,703,0,0.7272727272727273,0.0,0.2727272727272727,1992,112.0,643.0,1.0,686.966,0.0,1.0,0.0,0.002,1.0,0.0,0.0,,0.0,1019127116.401,5.083,,,,,,
421,Russian Federation - Republic of Moldova,Free Trade Agreement,829,1993,1993-03-30,Bilateral,Commonwealth of Independent States (CIS),Yes,No,en,MDA,RUS,23,13537,688,0,0.7391304347826086,0.0,0.2608695652173913,1993,498.0,643.0,0.0,1150.314,0.0,0.0,0.0,0.0,1.0,1.0,0.0,,0.0,952929448.559,,,,,,,
422,Russian Federation - Azerbaijan,Free Trade Agreement,830,1992,1993-02-17,Bilateral,Commonwealth of Independent States (CIS),No,No,en,AZE,RUS,23,13017,696,0,0.7391304347826086,0.0,0.2608695652173913,1992,31.0,643.0,1.0,1930.747,0.0,0.0,0.0,0.106,1.0,1.0,0.0,,0.0,1019127116.401,4.334,,,,,,
423,Russian Federation - Kazakhstan,Free Trade Agreement,832,1992,1993-06-07,Bilateral,Commonwealth of Independent States (CIS),Yes,No,en,KAZ,RUS,25,14840,688,0,0.8,0.0,0.2,1992,398.0,643.0,1.0,3104.607,1.0,1.0,0.0,0.054000000000000006,1.0,1.0,0.0,,0.0,1019127116.401,7.472,,,,,,
424,Russian Federation - Tajikistan,Free Trade Agreement,834,1992,1993-04-08,Bilateral,Commonwealth of Independent States (CIS),Yes,No,en,RUS,TJK,21,12186,633,0,0.7619047619047619,0.0,0.2380952380952381,1992,643.0,762.0,0.0,2986.597,0.0,0.0,0.0,0.096,1.0,1.0,0.0,,0.0,8676362.87,6.854,,,,,,
425,Japan - Mongolia,Free Trade Agreement & Economic Integration Agreement,835,2015,2016-06-07,Bilateral,East Asia,Yes,No,en,JPN,MNG,203,202761,5668,0,0.7093596059113301,0.09852216748768472,0.1921182266009852,2015,392.0,496.0,0.0,3018.842,0.0,0.0,0.0,0.0,0.0,1.0,0.0,,0.0,36162929.57,40.686,7.5,1.5,19.2,11.0,275797.63,274162.25
430,Russian Federation - Serbia,Free Trade Agreement,858,2000,2006-06-03,Bilateral,Commonwealth of Independent States (CIS); Europe,No,Yes,en,RUS,SRB,23,15723,740,0,0.7826086956521741,0.0,0.21739130434782608,2000,643.0,688.0,,,,,,,,,,,,,6.825,,,,,,
431,Russian Federation - Uzbekistan,Free Trade Agreement,861,1992,1993-03-25,Bilateral,Commonwealth of Independent States (CIS),No,No,en,RUS,UZB,20,10348,591,1,0.75,0.0,0.25,1992,643.0,860.0,0.0,2789.856,0.0,0.0,0.0,0.099,1.0,1.0,0.0,,0.0,38017625.79300001,6.854,,,,,,
432,Russian Federation - Turkmenistan,Free Trade Agreement,862,1992,1993-04-06,Bilateral,Commonwealth of Independent States (CIS),No,No,en,RUS,TKM,21,12108,674,0,0.8095238095238095,0.0,0.19047619047619047,1992,643.0,795.0,0.0,2510.13,0.0,0.0,0.0,0.098,1.0,1.0,0.0,,0.0,16976652.717,6.854,,,,,,
434,Ukraine - Montenegro,Free Trade Agreement & Economic Integration Agreement,868,2011,2013-01-01,Bilateral,Europe; Commonwealth of Independent States (CIS),Yes,Yes,en,MNE,UKR,62,47560,1583,0,0.7741935483870968,0.08064516129032258,0.14516129032258066,2011,499.0,804.0,,972.643,0.0,0.0,0.0,,0.0,1.0,0.0,,0.0,378531847.053,14.472,2.0,4.4,16.0,33.0,478.539,478.539
435,India - Thailand,Partial Scope Agreement,873,2003,2004-09-01,Bilateral,West Asia; East Asia,Yes,Yes,en,IND,THA,16,15538,818,0,0.8125,0.0625,0.125,2003,356.0,764.0,0.0,2919.706,0.0,0.0,0.0,0.005,1.0,1.0,0.0,,0.0,571666033.6930001,2.336,53.4,18.8,136.0,43.0,835562.926,794919.188
436,New Zealand - Chinese Taipei,Free Trade Agreement & Economic Integration Agreement,874,2013,2013-12-01,Bilateral,East Asia; Oceania,Yes,Yes,en,NZL,TWN,257,264600,4988,0,0.7081712062256809,0.14007782101167315,0.1517509727626459,2013,554.0,158.0,0.0,9429.752,0.0,0.0,0.0,0.014,0.0,0.0,0.0,,0.0,,36.169,0.3,,1.5,,734958.262,697094.625
439,Singapore - Chinese Taipei,Free Trade Agreement & Economic Integration Agreement,890,2013,2014-04-19,Bilateral,East Asia,Yes,No,en,SGP,TWN,156,178036,4224,0,0.6346153846153846,0.1346153846153846,0.2307692307692308,2013,702.0,158.0,0.0,3259.671,1.0,1.0,0.0,0.002,0.0,0.0,0.0,,0.0,,81.288,0.6,,5.5,,10242483.438,9586917.0
442,Canada - Honduras,Free Trade Agreement & Economic Integration Agreement,911,2013,2014-10-01,Bilateral,North America; Central America,Yes,Yes,en,CAN,HND,244,445853,7398,0,0.5819672131147541,0.2459016393442623,0.1721311475409836,2013,124.0,340.0,0.0,3374.8390000000004,0.0,0.0,0.0,0.454,0.0,0.0,0.0,,0.0,37429721.1,44.098,0.4,43.9,7.5,26.0,42264.754,40675.836
445,"Turkey - Moldova, Republic of",Free Trade Agreement,931,2014,2016-11-01,Bilateral,Commonwealth of Independent States (CIS); Europe,Yes,Yes,en,MDA,TUR,37,25873,1068,0,0.6486486486486487,0.027027027027027032,0.32432432432432434,2014,498.0,792.0,0.0,664.1510000000002,0.0,0.0,0.0,0.0,0.0,1.0,0.0,,0.0,1780288818.2589996,5.017,4.6,16.4,13.0,15.5,120383.41,55717.047
